actor,test_year,param,alpha,V
premium_generator,2021,40.0,0.02,0.7047863247863249
premium_generator,2021,40.0,0.04,0.7001709401709402
premium_generator,2021,40.0,0.06,0.6955555555555555
premium_generator,2021,40.0,0.08,0.690940170940171
premium_generator,2021,40.0,0.1,0.6863247863247863
premium_generator,2021,40.0,0.12,0.6817094017094018
premium_generator,2021,40.0,0.14,0.6770940170940172
premium_generator,2021,40.0,0.16,0.6724786324786325
premium_generator,2021,40.0,0.18,0.6678632478632479
premium_generator,2021,40.0,0.2,0.6632478632478632
premium_generator,2021,40.0,0.22,0.6586324786324786
premium_generator,2021,40.0,0.24,0.654017094017094
premium_generator,2021,40.0,0.26,0.6494017094017095
premium_generator,2021,40.0,0.28,0.6447863247863248
premium_generator,2021,40.0,0.3,0.6401709401709401
premium_generator,2021,40.0,0.32,0.6355555555555557
premium_generator,2021,40.0,0.34,0.630940170940171
premium_generator,2021,40.0,0.36,0.6263247863247863
premium_generator,2021,40.0,0.38,0.6217094017094017
premium_generator,2021,40.0,0.4,0.6170940170940171
premium_generator,2021,40.0,0.42,0.6124786324786325
premium_generator,2021,40.0,0.44,0.607863247863248
premium_generator,2021,40.0,0.46,0.6032478632478633
premium_generator,2021,40.0,0.48,0.5986324786324786
premium_generator,2021,40.0,0.5,0.5940170940170941
premium_generator,2021,40.0,0.52,0.5894017094017094
premium_generator,2021,40.0,0.54,0.5847863247863248
premium_generator,2021,40.0,0.56,0.5801709401709402
premium_generator,2021,40.0,0.58,0.5755555555555556
premium_generator,2021,40.0,0.6,0.570940170940171
premium_generator,2021,40.0,0.62,0.5663247863247863
premium_generator,2021,40.0,0.64,0.5617094017094018
premium_generator,2021,40.0,0.66,0.5570940170940171
premium_generator,2021,40.0,0.68,0.5524786324786325
premium_generator,2021,40.0,0.7,0.5478632478632479
premium_generator,2021,40.0,0.72,0.5432478632478632
premium_generator,2021,40.0,0.74,0.5386324786324788
premium_generator,2021,40.0,0.76,0.5340170940170941
premium_generator,2021,40.0,0.78,0.5294017094017094
premium_generator,2021,40.0,0.8,0.5247863247863248
premium_generator,2021,40.0,0.82,0.5201709401709402
premium_generator,2021,40.0,0.84,0.5155555555555555
premium_generator,2021,40.0,0.86,0.5109401709401711
premium_generator,2021,40.0,0.88,0.5063247863247864
premium_generator,2021,40.0,0.9,0.5017094017094017
premium_generator,2021,40.0,0.92,0.4970940170940171
premium_generator,2021,40.0,0.94,0.49247863247863255
premium_generator,2021,40.0,0.96,0.48786324786324786
premium_generator,2021,40.0,0.98,0.4832478632478633
premium_generator,2021,40.0,1.0,0.4786324786324786
premium_generator,2021,40.0,1.1,0.4555555555555556
premium_generator,2021,40.0,1.2,0.4324786324786325
premium_generator,2021,40.0,1.3,0.4094017094017095
premium_generator,2021,40.0,1.4,0.3863247863247864
premium_generator,2021,40.0,1.5,0.3632478632478632
premium_generator,2021,40.0,1.6,0.3401709401709403
premium_generator,2021,40.0,1.7,0.3170940170940171
premium_generator,2021,40.0,1.8,0.2940170940170941
premium_generator,2021,40.0,1.9,0.270940170940171
premium_generator,2021,40.0,2.0,0.24786324786324787
premium_generator,2021,40.0,2.1,0.22478632478632488
premium_generator,2021,40.0,2.2,0.20170940170940166
premium_generator,2021,40.0,2.3,0.17863247863247878
premium_generator,2021,40.0,2.4,0.15555555555555556
premium_generator,2021,40.0,2.5,0.13247863247863267
premium_generator,2021,40.0,2.6,0.10940170940170946
premium_generator,2021,40.0,2.7,0.08632478632478624
premium_generator,2021,40.0,2.8,0.06324786324786336
premium_generator,2021,40.0,2.9,0.04017094017094036
premium_generator,2021,40.0,3.0,0.017094017094017144
premium_generator,2021,40.0,3.1,-0.005982905982905962
premium_generator,2021,40.0,3.2,-0.029059829059828957
premium_generator,2021,40.0,3.3,-0.052136752136752174
premium_generator,2021,40.0,3.4,-0.07521367521367495
premium_generator,2021,40.0,3.5,-0.09829059829059816
premium_generator,2021,40.0,3.6,-0.12136752136752138
premium_generator,2021,40.0,3.7,-0.14444444444444438
premium_generator,2021,40.0,3.8,-0.16752136752136737
premium_generator,2021,40.0,3.9,-0.19059829059829037
premium_generator,2021,40.0,4.0,-0.21367521367521358
premium_generator,2021,40.0,4.1,-0.23675213675213658
premium_generator,2021,40.0,4.2,-0.2598290598290598
premium_generator,2021,40.0,4.3,-0.2829059829059828
premium_generator,2021,40.0,4.4,-0.3059829059829058
premium_generator,2021,40.0,4.5,-0.329059829059829
premium_generator,2021,40.0,4.6,-0.352136752136752
premium_generator,2021,40.0,4.7,-0.3752136752136752
premium_generator,2021,40.0,4.8,-0.3982905982905982
premium_generator,2021,40.0,4.9,-0.4213675213675212
premium_generator,2021,40.0,5.0,-0.4444444444444442
premium_generator,2021,40.0,5.1,-0.4675213675213672
premium_generator,2021,40.0,5.2,-0.4905982905982904
premium_generator,2021,40.0,5.3,-0.5136752136752136
premium_generator,2021,40.0,5.4,-0.5367521367521368
premium_generator,2021,40.0,5.5,-0.5598290598290596
premium_generator,2021,40.0,5.6,-0.5829059829059826
premium_generator,2021,40.0,5.7,-0.6059829059829058
premium_generator,2021,40.0,5.8,-0.6290598290598288
premium_generator,2021,40.0,5.9,-0.6521367521367523
premium_generator,2021,40.0,6.0,-0.675213675213675
premium_generator,2021,40.0,6.1,-0.698290598290598
premium_generator,2021,40.0,6.2,-0.7213675213675212
premium_generator,2021,40.0,6.3,-0.7444444444444442
premium_generator,2021,40.0,6.4,-0.7675213675213672
premium_generator,2021,40.0,6.5,-0.7905982905982905
premium_generator,2021,40.0,6.6,-0.8136752136752134
premium_generator,2021,40.0,6.7,-0.8367521367521367
premium_generator,2021,40.0,6.8,-0.8598290598290597
premium_generator,2021,40.0,6.9,-0.8829059829059827
premium_generator,2021,40.0,7.0,-0.9059829059829057
premium_generator,2021,40.0,7.1,-0.9290598290598289
premium_generator,2021,40.0,7.2,-0.9521367521367521
premium_generator,2021,40.0,7.3,-0.9752136752136751
premium_generator,2021,40.0,7.4,-0.9982905982905981
premium_generator,2021,40.0,7.5,-1.0213675213675213
premium_generator,2021,40.0,7.6,-1.0444444444444438
premium_generator,2021,40.0,7.7,-1.0675213675213673
premium_generator,2021,40.0,7.8,-1.0905982905982903
premium_generator,2021,40.0,7.9,-1.1136752136752137
premium_generator,2021,40.0,8.0,-1.1367521367521367
premium_generator,2021,60.0,0.02,0.6285470085470085
premium_generator,2021,60.0,0.04,0.6246153846153846
premium_generator,2021,60.0,0.06,0.6206837606837606
premium_generator,2021,60.0,0.08,0.6167521367521367
premium_generator,2021,60.0,0.1,0.6128205128205128
premium_generator,2021,60.0,0.12,0.6088888888888888
premium_generator,2021,60.0,0.14,0.6049572649572649
premium_generator,2021,60.0,0.16,0.6010256410256409
premium_generator,2021,60.0,0.18,0.5970940170940171
premium_generator,2021,60.0,0.2,0.5931623931623932
premium_generator,2021,60.0,0.22,0.5892307692307692
premium_generator,2021,60.0,0.24,0.5852991452991453
premium_generator,2021,60.0,0.26,0.5813675213675213
premium_generator,2021,60.0,0.28,0.5774358974358974
premium_generator,2021,60.0,0.3,0.5735042735042735
premium_generator,2021,60.0,0.32,0.5695726495726495
premium_generator,2021,60.0,0.34,0.5656410256410256
premium_generator,2021,60.0,0.36,0.5617094017094016
premium_generator,2021,60.0,0.38,0.5577777777777777
premium_generator,2021,60.0,0.4,0.5538461538461539
premium_generator,2021,60.0,0.42,0.5499145299145298
premium_generator,2021,60.0,0.44,0.545982905982906
premium_generator,2021,60.0,0.46,0.542051282051282
premium_generator,2021,60.0,0.48,0.5381196581196581
premium_generator,2021,60.0,0.5,0.5341880341880341
premium_generator,2021,60.0,0.52,0.5302564102564102
premium_generator,2021,60.0,0.54,0.5263247863247862
premium_generator,2021,60.0,0.56,0.5223931623931624
premium_generator,2021,60.0,0.58,0.5184615384615384
premium_generator,2021,60.0,0.6,0.5145299145299145
premium_generator,2021,60.0,0.62,0.5105982905982905
premium_generator,2021,60.0,0.64,0.5066666666666666
premium_generator,2021,60.0,0.66,0.5027350427350427
premium_generator,2021,60.0,0.68,0.4988034188034187
premium_generator,2021,60.0,0.7,0.4948717948717949
premium_generator,2021,60.0,0.72,0.49094017094017095
premium_generator,2021,60.0,0.74,0.487008547008547
premium_generator,2021,60.0,0.76,0.48307692307692307
premium_generator,2021,60.0,0.78,0.47914529914529913
premium_generator,2021,60.0,0.8,0.4752136752136752
premium_generator,2021,60.0,0.82,0.47128205128205125
premium_generator,2021,60.0,0.84,0.4673504273504273
premium_generator,2021,60.0,0.86,0.46341880341880337
premium_generator,2021,60.0,0.88,0.45948717948717943
premium_generator,2021,60.0,0.9,0.4555555555555555
premium_generator,2021,60.0,0.92,0.45162393162393155
premium_generator,2021,60.0,0.94,0.4476923076923077
premium_generator,2021,60.0,0.96,0.4437606837606838
premium_generator,2021,60.0,0.98,0.43982905982905984
premium_generator,2021,60.0,1.0,0.4358974358974359
premium_generator,2021,60.0,1.1,0.4162393162393162
premium_generator,2021,60.0,1.2,0.3965811965811966
premium_generator,2021,60.0,1.3,0.3769230769230769
premium_generator,2021,60.0,1.4,0.3572649572649572
premium_generator,2021,60.0,1.5,0.33760683760683763
premium_generator,2021,60.0,1.6,0.31794871794871793
premium_generator,2021,60.0,1.7,0.29829059829059834
premium_generator,2021,60.0,1.8,0.27863247863247853
premium_generator,2021,60.0,1.9,0.25897435897435894
premium_generator,2021,60.0,2.0,0.23931623931623935
premium_generator,2021,60.0,2.1,0.21965811965811965
premium_generator,2021,60.0,2.2,0.19999999999999996
premium_generator,2021,60.0,2.3,0.18034188034188026
premium_generator,2021,60.0,2.4,0.16068376068376078
premium_generator,2021,60.0,2.5,0.14102564102564097
premium_generator,2021,60.0,2.6,0.12136752136752138
premium_generator,2021,60.0,2.7,0.10170940170940157
premium_generator,2021,60.0,2.8,0.08205128205128209
premium_generator,2021,60.0,2.9,0.062393162393162505
premium_generator,2021,60.0,3.0,0.042735042735042694
premium_generator,2021,60.0,3.1,0.023076923076923217
premium_generator,2021,60.0,3.2,0.0034188034188034067
premium_generator,2021,60.0,3.3,-0.01623931623931618
premium_generator,2021,60.0,3.4,-0.03589743589743599
premium_generator,2021,60.0,3.5,-0.05555555555555558
premium_generator,2021,60.0,3.6,-0.07521367521367539
premium_generator,2021,60.0,3.7,-0.09487179487179476
premium_generator,2021,60.0,3.8,-0.11452991452991435
premium_generator,2021,60.0,3.9,-0.13418803418803416
premium_generator,2021,60.0,4.0,-0.15384615384615374
premium_generator,2021,60.0,4.1,-0.17350427350427333
premium_generator,2021,60.0,4.2,-0.19316239316239314
premium_generator,2021,60.0,4.3,-0.2128205128205125
premium_generator,2021,60.0,4.4,-0.23247863247863232
premium_generator,2021,60.0,4.5,-0.2521367521367519
premium_generator,2021,60.0,4.6,-0.2717948717948717
premium_generator,2021,60.0,4.7,-0.2914529914529913
premium_generator,2021,60.0,4.8,-0.3111111111111111
premium_generator,2021,60.0,4.9,-0.3307692307692307
premium_generator,2021,60.0,5.0,-0.3504273504273505
premium_generator,2021,60.0,5.1,-0.3700854700854699
premium_generator,2021,60.0,5.2,-0.3897435897435897
premium_generator,2021,60.0,5.3,-0.4094017094017093
premium_generator,2021,60.0,5.4,-0.4290598290598291
premium_generator,2021,60.0,5.5,-0.4487179487179487
premium_generator,2021,60.0,5.6,-0.46837606837606827
premium_generator,2021,60.0,5.7,-0.4880341880341881
premium_generator,2021,60.0,5.8,-0.5076923076923077
premium_generator,2021,60.0,5.9,-0.5273504273504273
premium_generator,2021,60.0,6.0,-0.5470085470085468
premium_generator,2021,60.0,6.1,-0.5666666666666664
premium_generator,2021,60.0,6.2,-0.5863247863247862
premium_generator,2021,60.0,6.3,-0.6059829059829058
premium_generator,2021,60.0,6.4,-0.6256410256410256
premium_generator,2021,60.0,6.5,-0.6452991452991452
premium_generator,2021,60.0,6.6,-0.664957264957265
premium_generator,2021,60.0,6.7,-0.6846153846153844
premium_generator,2021,60.0,6.8,-0.7042735042735042
premium_generator,2021,60.0,6.9,-0.7239316239316238
premium_generator,2021,60.0,7.0,-0.7435897435897436
premium_generator,2021,60.0,7.1,-0.7632478632478632
premium_generator,2021,60.0,7.2,-0.782905982905983
premium_generator,2021,60.0,7.3,-0.8025641025641026
premium_generator,2021,60.0,7.4,-0.8222222222222224
premium_generator,2021,60.0,7.5,-0.8418803418803418
premium_generator,2021,60.0,7.6,-0.8615384615384614
premium_generator,2021,60.0,7.7,-0.8811965811965812
premium_generator,2021,60.0,7.8,-0.9008547008547008
premium_generator,2021,60.0,7.9,-0.9205128205128206
premium_generator,2021,60.0,8.0,-0.9401709401709402
premium_generator,2021,90.0,0.02,0.6285470085470085
premium_generator,2021,90.0,0.04,0.6246153846153846
premium_generator,2021,90.0,0.06,0.6206837606837606
premium_generator,2021,90.0,0.08,0.6167521367521367
premium_generator,2021,90.0,0.1,0.6128205128205128
premium_generator,2021,90.0,0.12,0.6088888888888888
premium_generator,2021,90.0,0.14,0.6049572649572649
premium_generator,2021,90.0,0.16,0.6010256410256409
premium_generator,2021,90.0,0.18,0.5970940170940171
premium_generator,2021,90.0,0.2,0.5931623931623932
premium_generator,2021,90.0,0.22,0.5892307692307692
premium_generator,2021,90.0,0.24,0.5852991452991453
premium_generator,2021,90.0,0.26,0.5813675213675213
premium_generator,2021,90.0,0.28,0.5774358974358974
premium_generator,2021,90.0,0.3,0.5735042735042735
premium_generator,2021,90.0,0.32,0.5695726495726495
premium_generator,2021,90.0,0.34,0.5656410256410256
premium_generator,2021,90.0,0.36,0.5617094017094016
premium_generator,2021,90.0,0.38,0.5577777777777777
premium_generator,2021,90.0,0.4,0.5538461538461539
premium_generator,2021,90.0,0.42,0.5499145299145298
premium_generator,2021,90.0,0.44,0.545982905982906
premium_generator,2021,90.0,0.46,0.542051282051282
premium_generator,2021,90.0,0.48,0.5381196581196581
premium_generator,2021,90.0,0.5,0.5341880341880341
premium_generator,2021,90.0,0.52,0.5302564102564102
premium_generator,2021,90.0,0.54,0.5263247863247862
premium_generator,2021,90.0,0.56,0.5223931623931624
premium_generator,2021,90.0,0.58,0.5184615384615384
premium_generator,2021,90.0,0.6,0.5145299145299145
premium_generator,2021,90.0,0.62,0.5105982905982905
premium_generator,2021,90.0,0.64,0.5066666666666666
premium_generator,2021,90.0,0.66,0.5027350427350427
premium_generator,2021,90.0,0.68,0.4988034188034187
premium_generator,2021,90.0,0.7,0.4948717948717949
premium_generator,2021,90.0,0.72,0.49094017094017095
premium_generator,2021,90.0,0.74,0.487008547008547
premium_generator,2021,90.0,0.76,0.48307692307692307
premium_generator,2021,90.0,0.78,0.47914529914529913
premium_generator,2021,90.0,0.8,0.4752136752136752
premium_generator,2021,90.0,0.82,0.47128205128205125
premium_generator,2021,90.0,0.84,0.4673504273504273
premium_generator,2021,90.0,0.86,0.46341880341880337
premium_generator,2021,90.0,0.88,0.45948717948717943
premium_generator,2021,90.0,0.9,0.4555555555555555
premium_generator,2021,90.0,0.92,0.45162393162393155
premium_generator,2021,90.0,0.94,0.4476923076923077
premium_generator,2021,90.0,0.96,0.4437606837606838
premium_generator,2021,90.0,0.98,0.43982905982905984
premium_generator,2021,90.0,1.0,0.4358974358974359
premium_generator,2021,90.0,1.1,0.4162393162393162
premium_generator,2021,90.0,1.2,0.3965811965811966
premium_generator,2021,90.0,1.3,0.3769230769230769
premium_generator,2021,90.0,1.4,0.3572649572649572
premium_generator,2021,90.0,1.5,0.33760683760683763
premium_generator,2021,90.0,1.6,0.31794871794871793
premium_generator,2021,90.0,1.7,0.29829059829059834
premium_generator,2021,90.0,1.8,0.27863247863247853
premium_generator,2021,90.0,1.9,0.25897435897435894
premium_generator,2021,90.0,2.0,0.23931623931623935
premium_generator,2021,90.0,2.1,0.21965811965811965
premium_generator,2021,90.0,2.2,0.19999999999999996
premium_generator,2021,90.0,2.3,0.18034188034188026
premium_generator,2021,90.0,2.4,0.16068376068376078
premium_generator,2021,90.0,2.5,0.14102564102564097
premium_generator,2021,90.0,2.6,0.12136752136752138
premium_generator,2021,90.0,2.7,0.10170940170940157
premium_generator,2021,90.0,2.8,0.08205128205128209
premium_generator,2021,90.0,2.9,0.062393162393162505
premium_generator,2021,90.0,3.0,0.042735042735042694
premium_generator,2021,90.0,3.1,0.023076923076923217
premium_generator,2021,90.0,3.2,0.0034188034188034067
premium_generator,2021,90.0,3.3,-0.01623931623931618
premium_generator,2021,90.0,3.4,-0.03589743589743599
premium_generator,2021,90.0,3.5,-0.05555555555555558
premium_generator,2021,90.0,3.6,-0.07521367521367539
premium_generator,2021,90.0,3.7,-0.09487179487179476
premium_generator,2021,90.0,3.8,-0.11452991452991435
premium_generator,2021,90.0,3.9,-0.13418803418803416
premium_generator,2021,90.0,4.0,-0.15384615384615374
premium_generator,2021,90.0,4.1,-0.17350427350427333
premium_generator,2021,90.0,4.2,-0.19316239316239314
premium_generator,2021,90.0,4.3,-0.2128205128205125
premium_generator,2021,90.0,4.4,-0.23247863247863232
premium_generator,2021,90.0,4.5,-0.2521367521367519
premium_generator,2021,90.0,4.6,-0.2717948717948717
premium_generator,2021,90.0,4.7,-0.2914529914529913
premium_generator,2021,90.0,4.8,-0.3111111111111111
premium_generator,2021,90.0,4.9,-0.3307692307692307
premium_generator,2021,90.0,5.0,-0.3504273504273505
premium_generator,2021,90.0,5.1,-0.3700854700854699
premium_generator,2021,90.0,5.2,-0.3897435897435897
premium_generator,2021,90.0,5.3,-0.4094017094017093
premium_generator,2021,90.0,5.4,-0.4290598290598291
premium_generator,2021,90.0,5.5,-0.4487179487179487
premium_generator,2021,90.0,5.6,-0.46837606837606827
premium_generator,2021,90.0,5.7,-0.4880341880341881
premium_generator,2021,90.0,5.8,-0.5076923076923077
premium_generator,2021,90.0,5.9,-0.5273504273504273
premium_generator,2021,90.0,6.0,-0.5470085470085468
premium_generator,2021,90.0,6.1,-0.5666666666666664
premium_generator,2021,90.0,6.2,-0.5863247863247862
premium_generator,2021,90.0,6.3,-0.6059829059829058
premium_generator,2021,90.0,6.4,-0.6256410256410256
premium_generator,2021,90.0,6.5,-0.6452991452991452
premium_generator,2021,90.0,6.6,-0.664957264957265
premium_generator,2021,90.0,6.7,-0.6846153846153844
premium_generator,2021,90.0,6.8,-0.7042735042735042
premium_generator,2021,90.0,6.9,-0.7239316239316238
premium_generator,2021,90.0,7.0,-0.7435897435897436
premium_generator,2021,90.0,7.1,-0.7632478632478632
premium_generator,2021,90.0,7.2,-0.782905982905983
premium_generator,2021,90.0,7.3,-0.8025641025641026
premium_generator,2021,90.0,7.4,-0.8222222222222224
premium_generator,2021,90.0,7.5,-0.8418803418803418
premium_generator,2021,90.0,7.6,-0.8615384615384614
premium_generator,2021,90.0,7.7,-0.8811965811965812
premium_generator,2021,90.0,7.8,-0.9008547008547008
premium_generator,2021,90.0,7.9,-0.9205128205128206
premium_generator,2021,90.0,8.0,-0.9401709401709402
flexible_load,2021,0.0,0.02,0.7627338129496403
flexible_load,2021,0.0,0.04,0.75568345323741
flexible_load,2021,0.0,0.06,0.7486330935251798
flexible_load,2021,0.0,0.08,0.7415827338129497
flexible_load,2021,0.0,0.1,0.7345323741007195
flexible_load,2021,0.0,0.12,0.7274820143884893
flexible_load,2021,0.0,0.14,0.720431654676259
flexible_load,2021,0.0,0.16,0.7133812949640288
flexible_load,2021,0.0,0.18,0.7063309352517986
flexible_load,2021,0.0,0.2,0.6992805755395683
flexible_load,2021,0.0,0.22,0.6922302158273381
flexible_load,2021,0.0,0.24,0.6851798561151079
flexible_load,2021,0.0,0.26,0.6781294964028777
flexible_load,2021,0.0,0.28,0.6710791366906474
flexible_load,2021,0.0,0.3,0.6640287769784172
flexible_load,2021,0.0,0.32,0.656978417266187
flexible_load,2021,0.0,0.34,0.6499280575539568
flexible_load,2021,0.0,0.36,0.6428776978417265
flexible_load,2021,0.0,0.38,0.6358273381294964
flexible_load,2021,0.0,0.4,0.6287769784172661
flexible_load,2021,0.0,0.42,0.6217266187050359
flexible_load,2021,0.0,0.44,0.6146762589928056
flexible_load,2021,0.0,0.46,0.6076258992805755
flexible_load,2021,0.0,0.48,0.6005755395683452
flexible_load,2021,0.0,0.5,0.5935251798561151
flexible_load,2021,0.0,0.52,0.5864748201438849
flexible_load,2021,0.0,0.54,0.5794244604316546
flexible_load,2021,0.0,0.56,0.5723741007194244
flexible_load,2021,0.0,0.58,0.5653237410071943
flexible_load,2021,0.0,0.6,0.5582733812949641
flexible_load,2021,0.0,0.62,0.5512230215827337
flexible_load,2021,0.0,0.64,0.5441726618705036
flexible_load,2021,0.0,0.66,0.5371223021582734
flexible_load,2021,0.0,0.68,0.5300719424460432
flexible_load,2021,0.0,0.7,0.5230215827338129
flexible_load,2021,0.0,0.72,0.5159712230215827
flexible_load,2021,0.0,0.74,0.5089208633093525
flexible_load,2021,0.0,0.76,0.5018705035971223
flexible_load,2021,0.0,0.78,0.49482014388489204
flexible_load,2021,0.0,0.8,0.4877697841726618
flexible_load,2021,0.0,0.82,0.4807194244604317
flexible_load,2021,0.0,0.84,0.4736690647482015
flexible_load,2021,0.0,0.86,0.46661870503597114
flexible_load,2021,0.0,0.88,0.4595683453237409
flexible_load,2021,0.0,0.9,0.4525179856115108
flexible_load,2021,0.0,0.92,0.4454676258992806
flexible_load,2021,0.0,0.94,0.43841726618705024
flexible_load,2021,0.0,0.96,0.4313669064748201
flexible_load,2021,0.0,0.98,0.4243165467625899
flexible_load,2021,0.0,1.0,0.41726618705035967
flexible_load,2021,0.0,1.1,0.38201438848920866
flexible_load,2021,0.0,1.2,0.3467625899280574
flexible_load,2021,0.0,1.3,0.3115107913669064
flexible_load,2021,0.0,1.4,0.2762589928057554
flexible_load,2021,0.0,1.5,0.24100719424460426
flexible_load,2021,0.0,1.6,0.20575539568345325
flexible_load,2021,0.0,1.7,0.17050359712230212
flexible_load,2021,0.0,1.8,0.1352517985611511
flexible_load,2021,0.0,1.9,0.09999999999999998
flexible_load,2021,0.0,2.0,0.06474820143884885
flexible_load,2021,0.0,2.1,0.029496402877697725
flexible_load,2021,0.0,2.2,-0.0057553956834535125
flexible_load,2021,0.0,2.3,-0.04100719424460442
flexible_load,2021,0.0,2.4,-0.07625899280575554
flexible_load,2021,0.0,2.5,-0.11151079136690667
flexible_load,2021,0.0,2.6,-0.1467625899280578
flexible_load,2021,0.0,2.7,-0.18201438848920892
flexible_load,2021,0.0,2.8,-0.21726618705035983
flexible_load,2021,0.0,2.9,-0.25251798561151095
flexible_load,2021,0.0,3.0,-0.2877697841726621
flexible_load,2021,0.0,3.1,-0.3230215827338132
flexible_load,2021,0.0,3.2,-0.3582733812949641
flexible_load,2021,0.0,3.3,-0.39352517985611524
flexible_load,2021,0.0,3.4,-0.42877697841726636
flexible_load,2021,0.0,3.5,-0.46402877697841727
flexible_load,2021,0.0,3.6,-0.4992805755395686
flexible_load,2021,0.0,3.7,-0.5345323741007197
flexible_load,2021,0.0,3.8,-0.5697841726618706
flexible_load,2021,0.0,3.9,-0.6050359712230218
flexible_load,2021,0.0,4.0,-0.6402877697841729
flexible_load,2021,0.0,4.1,-0.6755395683453238
flexible_load,2021,0.0,4.2,-0.7107913669064752
flexible_load,2021,0.0,4.3,-0.7460431654676261
flexible_load,2021,0.0,4.4,-0.7812949640287772
flexible_load,2021,0.0,4.5,-0.8165467625899283
flexible_load,2021,0.0,4.6,-0.8517985611510792
flexible_load,2021,0.0,4.7,-0.8870503597122303
flexible_load,2021,0.0,4.8,-0.9223021582733815
flexible_load,2021,0.0,4.9,-0.9575539568345326
flexible_load,2021,0.0,5.0,-0.9928057553956837
flexible_load,2021,0.0,5.1,-1.0280575539568342
flexible_load,2021,0.0,5.2,-1.0633093525179858
flexible_load,2021,0.0,5.3,-1.0985611510791364
flexible_load,2021,0.0,5.4,-1.133812949640288
flexible_load,2021,0.0,5.5,-1.1690647482014387
flexible_load,2021,0.0,5.6,-1.2043165467625903
flexible_load,2021,0.0,5.7,-1.2395683453237414
flexible_load,2021,0.0,5.8,-1.2748201438848925
flexible_load,2021,0.0,5.9,-1.3100719424460436
flexible_load,2021,0.0,6.0,-1.3453237410071948
flexible_load,2021,0.0,6.1,-1.3805755395683454
flexible_load,2021,0.0,6.2,-1.415827338129497
flexible_load,2021,0.0,6.3,-1.4510791366906477
flexible_load,2021,0.0,6.4,-1.4863309352517988
flexible_load,2021,0.0,6.5,-1.52158273381295
flexible_load,2021,0.0,6.6,-1.556834532374101
flexible_load,2021,0.0,6.7,-1.5920863309352522
flexible_load,2021,0.0,6.8,-1.6273381294964033
flexible_load,2021,0.0,6.9,-1.6625899280575545
flexible_load,2021,0.0,7.0,-1.6978417266187051
flexible_load,2021,0.0,7.1,-1.7330935251798563
flexible_load,2021,0.0,7.2,-1.7683453237410074
flexible_load,2021,0.0,7.3,-1.8035971223021585
flexible_load,2021,0.0,7.4,-1.8388489208633096
flexible_load,2021,0.0,7.5,-1.8741007194244608
flexible_load,2021,0.0,7.6,-1.9093525179856115
flexible_load,2021,0.0,7.7,-1.944604316546763
flexible_load,2021,0.0,7.8,-1.9798561151079137
flexible_load,2021,0.0,7.9,-2.015107913669065
flexible_load,2021,0.0,8.0,-2.050359712230216
flexible_load,2021,5.0,0.02,0.6441726618705036
flexible_load,2021,5.0,0.04,0.640863309352518
flexible_load,2021,5.0,0.06,0.6375539568345323
flexible_load,2021,5.0,0.08,0.6342446043165467
flexible_load,2021,5.0,0.1,0.6309352517985611
flexible_load,2021,5.0,0.12,0.6276258992805754
flexible_load,2021,5.0,0.14,0.62431654676259
flexible_load,2021,5.0,0.16,0.6210071942446043
flexible_load,2021,5.0,0.18,0.6176978417266188
flexible_load,2021,5.0,0.2,0.6143884892086331
flexible_load,2021,5.0,0.22,0.6110791366906475
flexible_load,2021,5.0,0.24,0.6077697841726619
flexible_load,2021,5.0,0.26,0.6044604316546762
flexible_load,2021,5.0,0.28,0.6011510791366906
flexible_load,2021,5.0,0.3,0.597841726618705
flexible_load,2021,5.0,0.32,0.5945323741007194
flexible_load,2021,5.0,0.34,0.5912230215827339
flexible_load,2021,5.0,0.36,0.5879136690647482
flexible_load,2021,5.0,0.38,0.5846043165467626
flexible_load,2021,5.0,0.4,0.581294964028777
flexible_load,2021,5.0,0.42,0.5779856115107913
flexible_load,2021,5.0,0.44,0.5746762589928057
flexible_load,2021,5.0,0.46,0.5713669064748201
flexible_load,2021,5.0,0.48,0.5680575539568344
flexible_load,2021,5.0,0.5,0.564748201438849
flexible_load,2021,5.0,0.52,0.5614388489208633
flexible_load,2021,5.0,0.54,0.5581294964028777
flexible_load,2021,5.0,0.56,0.5548201438848921
flexible_load,2021,5.0,0.58,0.5515107913669064
flexible_load,2021,5.0,0.6,0.5482014388489208
flexible_load,2021,5.0,0.62,0.5448920863309352
flexible_load,2021,5.0,0.64,0.5415827338129495
flexible_load,2021,5.0,0.66,0.538273381294964
flexible_load,2021,5.0,0.68,0.5349640287769784
flexible_load,2021,5.0,0.7,0.5316546762589928
flexible_load,2021,5.0,0.72,0.5283453237410072
flexible_load,2021,5.0,0.74,0.5250359712230215
flexible_load,2021,5.0,0.76,0.521726618705036
flexible_load,2021,5.0,0.78,0.5184172661870503
flexible_load,2021,5.0,0.8,0.5151079136690647
flexible_load,2021,5.0,0.82,0.5117985611510791
flexible_load,2021,5.0,0.84,0.5084892086330934
flexible_load,2021,5.0,0.86,0.505179856115108
flexible_load,2021,5.0,0.88,0.5018705035971223
flexible_load,2021,5.0,0.9,0.4985611510791367
flexible_load,2021,5.0,0.92,0.495251798561151
flexible_load,2021,5.0,0.94,0.4919424460431655
flexible_load,2021,5.0,0.96,0.4886330935251798
flexible_load,2021,5.0,0.98,0.4853237410071942
flexible_load,2021,5.0,1.0,0.48201438848920863
flexible_load,2021,5.0,1.1,0.4654676258992806
flexible_load,2021,5.0,1.2,0.44892086330935244
flexible_load,2021,5.0,1.3,0.4323741007194244
flexible_load,2021,5.0,1.4,0.41582733812949646
flexible_load,2021,5.0,1.5,0.3992805755395683
flexible_load,2021,5.0,1.6,0.38273381294964026
flexible_load,2021,5.0,1.7,0.3661870503597121
flexible_load,2021,5.0,1.8,0.3496402877697842
flexible_load,2021,5.0,1.9,0.33309352517985613
flexible_load,2021,5.0,2.0,0.316546762589928
flexible_load,2021,5.0,2.1,0.29999999999999993
flexible_load,2021,5.0,2.2,0.2834532374100719
flexible_load,2021,5.0,2.3,0.26690647482014396
flexible_load,2021,5.0,2.4,0.2503597122302157
flexible_load,2021,5.0,2.5,0.23381294964028776
flexible_load,2021,5.0,2.6,0.2172661870503596
flexible_load,2021,5.0,2.7,0.20071942446043167
flexible_load,2021,5.0,2.8,0.18417266187050363
flexible_load,2021,5.0,2.9,0.16762589928057547
flexible_load,2021,5.0,3.0,0.15107913669064754
flexible_load,2021,5.0,3.1,0.1345323741007194
flexible_load,2021,5.0,3.2,0.11798561151079134
flexible_load,2021,5.0,3.3,0.10143884892086319
flexible_load,2021,5.0,3.4,0.08489208633093526
flexible_load,2021,5.0,3.5,0.0683453237410071
flexible_load,2021,5.0,3.6,0.05179856115107906
flexible_load,2021,5.0,3.7,0.035251798561150904
flexible_load,2021,5.0,3.8,0.018705035971222972
flexible_load,2021,5.0,3.9,0.0021582733812950394
flexible_load,2021,5.0,4.0,-0.014388489208633226
flexible_load,2021,5.0,4.1,-0.030935251798561048
flexible_load,2021,5.0,4.2,-0.04748201438848931
flexible_load,2021,5.0,4.3,-0.06402877697841736
flexible_load,2021,5.0,4.4,-0.0805755395683454
flexible_load,2021,5.0,4.5,-0.09712230215827344
flexible_load,2021,5.0,4.6,-0.11366906474820149
flexible_load,2021,5.0,4.7,-0.13021582733812953
flexible_load,2021,5.0,4.8,-0.14676258992805757
flexible_load,2021,5.0,4.9,-0.16330935251798562
flexible_load,2021,5.0,5.0,-0.17985611510791366
flexible_load,2021,5.0,5.1,-0.1964028776978417
flexible_load,2021,5.0,5.2,-0.21294964028776975
flexible_load,2021,5.0,5.3,-0.2294964028776978
flexible_load,2021,5.0,5.4,-0.24604316546762606
flexible_load,2021,5.0,5.5,-0.2625899280575539
flexible_load,2021,5.0,5.6,-0.2791366906474819
flexible_load,2021,5.0,5.7,-0.29568345323740997
flexible_load,2021,5.0,5.8,-0.312230215827338
flexible_load,2021,5.0,5.9,-0.3287769784172663
flexible_load,2021,5.0,6.0,-0.3453237410071941
flexible_load,2021,5.0,6.1,-0.36187050359712214
flexible_load,2021,5.0,6.2,-0.3784172661870504
flexible_load,2021,5.0,6.3,-0.3949640287769782
flexible_load,2021,5.0,6.4,-0.4115107913669065
flexible_load,2021,5.0,6.5,-0.4280575539568343
flexible_load,2021,5.0,6.6,-0.4446043165467626
flexible_load,2021,5.0,6.7,-0.4611510791366906
flexible_load,2021,5.0,6.8,-0.47769784172661867
flexible_load,2021,5.0,6.9,-0.4942446043165467
flexible_load,2021,5.0,7.0,-0.510791366906475
flexible_load,2021,5.0,7.1,-0.5273381294964028
flexible_load,2021,5.0,7.2,-0.5438848920863311
flexible_load,2021,5.0,7.3,-0.5604316546762589
flexible_load,2021,5.0,7.4,-0.5769784172661871
flexible_load,2021,5.0,7.5,-0.5935251798561152
flexible_load,2021,5.0,7.6,-0.610071942446043
flexible_load,2021,5.0,7.7,-0.6266187050359713
flexible_load,2021,5.0,7.8,-0.6431654676258993
flexible_load,2021,5.0,7.9,-0.6597122302158274
flexible_load,2021,5.0,8.0,-0.6762589928057554
flexible_load,2021,15.0,0.02,0.6441726618705036
flexible_load,2021,15.0,0.04,0.640863309352518
flexible_load,2021,15.0,0.06,0.6375539568345323
flexible_load,2021,15.0,0.08,0.6342446043165467
flexible_load,2021,15.0,0.1,0.6309352517985611
flexible_load,2021,15.0,0.12,0.6276258992805754
flexible_load,2021,15.0,0.14,0.62431654676259
flexible_load,2021,15.0,0.16,0.6210071942446043
flexible_load,2021,15.0,0.18,0.6176978417266188
flexible_load,2021,15.0,0.2,0.6143884892086331
flexible_load,2021,15.0,0.22,0.6110791366906475
flexible_load,2021,15.0,0.24,0.6077697841726619
flexible_load,2021,15.0,0.26,0.6044604316546762
flexible_load,2021,15.0,0.28,0.6011510791366906
flexible_load,2021,15.0,0.3,0.597841726618705
flexible_load,2021,15.0,0.32,0.5945323741007194
flexible_load,2021,15.0,0.34,0.5912230215827339
flexible_load,2021,15.0,0.36,0.5879136690647482
flexible_load,2021,15.0,0.38,0.5846043165467626
flexible_load,2021,15.0,0.4,0.581294964028777
flexible_load,2021,15.0,0.42,0.5779856115107913
flexible_load,2021,15.0,0.44,0.5746762589928057
flexible_load,2021,15.0,0.46,0.5713669064748201
flexible_load,2021,15.0,0.48,0.5680575539568344
flexible_load,2021,15.0,0.5,0.564748201438849
flexible_load,2021,15.0,0.52,0.5614388489208633
flexible_load,2021,15.0,0.54,0.5581294964028777
flexible_load,2021,15.0,0.56,0.5548201438848921
flexible_load,2021,15.0,0.58,0.5515107913669064
flexible_load,2021,15.0,0.6,0.5482014388489208
flexible_load,2021,15.0,0.62,0.5448920863309352
flexible_load,2021,15.0,0.64,0.5415827338129495
flexible_load,2021,15.0,0.66,0.538273381294964
flexible_load,2021,15.0,0.68,0.5349640287769784
flexible_load,2021,15.0,0.7,0.5316546762589928
flexible_load,2021,15.0,0.72,0.5283453237410072
flexible_load,2021,15.0,0.74,0.5250359712230215
flexible_load,2021,15.0,0.76,0.521726618705036
flexible_load,2021,15.0,0.78,0.5184172661870503
flexible_load,2021,15.0,0.8,0.5151079136690647
flexible_load,2021,15.0,0.82,0.5117985611510791
flexible_load,2021,15.0,0.84,0.5084892086330934
flexible_load,2021,15.0,0.86,0.505179856115108
flexible_load,2021,15.0,0.88,0.5018705035971223
flexible_load,2021,15.0,0.9,0.4985611510791367
flexible_load,2021,15.0,0.92,0.495251798561151
flexible_load,2021,15.0,0.94,0.4919424460431655
flexible_load,2021,15.0,0.96,0.4886330935251798
flexible_load,2021,15.0,0.98,0.4853237410071942
flexible_load,2021,15.0,1.0,0.48201438848920863
flexible_load,2021,15.0,1.1,0.4654676258992806
flexible_load,2021,15.0,1.2,0.44892086330935244
flexible_load,2021,15.0,1.3,0.4323741007194244
flexible_load,2021,15.0,1.4,0.41582733812949646
flexible_load,2021,15.0,1.5,0.3992805755395683
flexible_load,2021,15.0,1.6,0.38273381294964026
flexible_load,2021,15.0,1.7,0.3661870503597121
flexible_load,2021,15.0,1.8,0.3496402877697842
flexible_load,2021,15.0,1.9,0.33309352517985613
flexible_load,2021,15.0,2.0,0.316546762589928
flexible_load,2021,15.0,2.1,0.29999999999999993
flexible_load,2021,15.0,2.2,0.2834532374100719
flexible_load,2021,15.0,2.3,0.26690647482014396
flexible_load,2021,15.0,2.4,0.2503597122302157
flexible_load,2021,15.0,2.5,0.23381294964028776
flexible_load,2021,15.0,2.6,0.2172661870503596
flexible_load,2021,15.0,2.7,0.20071942446043167
flexible_load,2021,15.0,2.8,0.18417266187050363
flexible_load,2021,15.0,2.9,0.16762589928057547
flexible_load,2021,15.0,3.0,0.15107913669064754
flexible_load,2021,15.0,3.1,0.1345323741007194
flexible_load,2021,15.0,3.2,0.11798561151079134
flexible_load,2021,15.0,3.3,0.10143884892086319
flexible_load,2021,15.0,3.4,0.08489208633093526
flexible_load,2021,15.0,3.5,0.0683453237410071
flexible_load,2021,15.0,3.6,0.05179856115107906
flexible_load,2021,15.0,3.7,0.035251798561150904
flexible_load,2021,15.0,3.8,0.018705035971222972
flexible_load,2021,15.0,3.9,0.0021582733812950394
flexible_load,2021,15.0,4.0,-0.014388489208633226
flexible_load,2021,15.0,4.1,-0.030935251798561048
flexible_load,2021,15.0,4.2,-0.04748201438848931
flexible_load,2021,15.0,4.3,-0.06402877697841736
flexible_load,2021,15.0,4.4,-0.0805755395683454
flexible_load,2021,15.0,4.5,-0.09712230215827344
flexible_load,2021,15.0,4.6,-0.11366906474820149
flexible_load,2021,15.0,4.7,-0.13021582733812953
flexible_load,2021,15.0,4.8,-0.14676258992805757
flexible_load,2021,15.0,4.9,-0.16330935251798562
flexible_load,2021,15.0,5.0,-0.17985611510791366
flexible_load,2021,15.0,5.1,-0.1964028776978417
flexible_load,2021,15.0,5.2,-0.21294964028776975
flexible_load,2021,15.0,5.3,-0.2294964028776978
flexible_load,2021,15.0,5.4,-0.24604316546762606
flexible_load,2021,15.0,5.5,-0.2625899280575539
flexible_load,2021,15.0,5.6,-0.2791366906474819
flexible_load,2021,15.0,5.7,-0.29568345323740997
flexible_load,2021,15.0,5.8,-0.312230215827338
flexible_load,2021,15.0,5.9,-0.3287769784172663
flexible_load,2021,15.0,6.0,-0.3453237410071941
flexible_load,2021,15.0,6.1,-0.36187050359712214
flexible_load,2021,15.0,6.2,-0.3784172661870504
flexible_load,2021,15.0,6.3,-0.3949640287769782
flexible_load,2021,15.0,6.4,-0.4115107913669065
flexible_load,2021,15.0,6.5,-0.4280575539568343
flexible_load,2021,15.0,6.6,-0.4446043165467626
flexible_load,2021,15.0,6.7,-0.4611510791366906
flexible_load,2021,15.0,6.8,-0.47769784172661867
flexible_load,2021,15.0,6.9,-0.4942446043165467
flexible_load,2021,15.0,7.0,-0.510791366906475
flexible_load,2021,15.0,7.1,-0.5273381294964028
flexible_load,2021,15.0,7.2,-0.5438848920863311
flexible_load,2021,15.0,7.3,-0.5604316546762589
flexible_load,2021,15.0,7.4,-0.5769784172661871
flexible_load,2021,15.0,7.5,-0.5935251798561152
flexible_load,2021,15.0,7.6,-0.610071942446043
flexible_load,2021,15.0,7.7,-0.6266187050359713
flexible_load,2021,15.0,7.8,-0.6431654676258993
flexible_load,2021,15.0,7.9,-0.6597122302158274
flexible_load,2021,15.0,8.0,-0.6762589928057554
premium_generator,2022,40.0,0.02,0.547
premium_generator,2022,40.0,0.04,0.544
premium_generator,2022,40.0,0.06,0.5410000000000001
premium_generator,2022,40.0,0.08,0.538
premium_generator,2022,40.0,0.1,0.5350000000000001
premium_generator,2022,40.0,0.12,0.532
premium_generator,2022,40.0,0.14,0.529
premium_generator,2022,40.0,0.16,0.526
premium_generator,2022,40.0,0.18,0.5230000000000001
premium_generator,2022,40.0,0.2,0.52
premium_generator,2022,40.0,0.22,0.5170000000000001
premium_generator,2022,40.0,0.24,0.514
premium_generator,2022,40.0,0.26,0.5110000000000001
premium_generator,2022,40.0,0.28,0.508
premium_generator,2022,40.0,0.3,0.5050000000000001
premium_generator,2022,40.0,0.32,0.502
premium_generator,2022,40.0,0.34,0.4990000000000001
premium_generator,2022,40.0,0.36,0.496
premium_generator,2022,40.0,0.38,0.493
premium_generator,2022,40.0,0.4,0.49
premium_generator,2022,40.0,0.42,0.4870000000000001
premium_generator,2022,40.0,0.44,0.4840000000000001
premium_generator,2022,40.0,0.46,0.4810000000000001
premium_generator,2022,40.0,0.48,0.4780000000000001
premium_generator,2022,40.0,0.5,0.4750000000000001
premium_generator,2022,40.0,0.52,0.472
premium_generator,2022,40.0,0.54,0.4690000000000001
premium_generator,2022,40.0,0.56,0.4660000000000001
premium_generator,2022,40.0,0.58,0.4630000000000001
premium_generator,2022,40.0,0.6,0.4600000000000001
premium_generator,2022,40.0,0.62,0.4570000000000001
premium_generator,2022,40.0,0.64,0.45400000000000007
premium_generator,2022,40.0,0.66,0.45100000000000007
premium_generator,2022,40.0,0.68,0.44800000000000006
premium_generator,2022,40.0,0.7,0.44500000000000006
premium_generator,2022,40.0,0.72,0.44200000000000006
premium_generator,2022,40.0,0.74,0.43900000000000006
premium_generator,2022,40.0,0.76,0.43600000000000005
premium_generator,2022,40.0,0.78,0.43300000000000005
premium_generator,2022,40.0,0.8,0.43000000000000005
premium_generator,2022,40.0,0.82,0.42700000000000005
premium_generator,2022,40.0,0.84,0.42400000000000015
premium_generator,2022,40.0,0.86,0.42100000000000004
premium_generator,2022,40.0,0.88,0.41800000000000004
premium_generator,2022,40.0,0.9,0.41500000000000004
premium_generator,2022,40.0,0.92,0.41200000000000003
premium_generator,2022,40.0,0.94,0.40900000000000003
premium_generator,2022,40.0,0.96,0.406
premium_generator,2022,40.0,0.98,0.40300000000000014
premium_generator,2022,40.0,1.0,0.4
premium_generator,2022,40.0,1.1,0.385
premium_generator,2022,40.0,1.2,0.37
premium_generator,2022,40.0,1.3,0.3550000000000001
premium_generator,2022,40.0,1.4,0.3400000000000001
premium_generator,2022,40.0,1.5,0.32500000000000007
premium_generator,2022,40.0,1.6,0.31000000000000005
premium_generator,2022,40.0,1.7,0.29500000000000015
premium_generator,2022,40.0,1.8,0.28
premium_generator,2022,40.0,1.9,0.2650000000000001
premium_generator,2022,40.0,2.0,0.25
premium_generator,2022,40.0,2.1,0.235
premium_generator,2022,40.0,2.2,0.21999999999999997
premium_generator,2022,40.0,2.3,0.20500000000000007
premium_generator,2022,40.0,2.4,0.19000000000000006
premium_generator,2022,40.0,2.5,0.17500000000000004
premium_generator,2022,40.0,2.6,0.16000000000000003
premium_generator,2022,40.0,2.7,0.14500000000000002
premium_generator,2022,40.0,2.8,0.13000000000000012
premium_generator,2022,40.0,2.9,0.1150000000000001
premium_generator,2022,40.0,3.0,0.10000000000000009
premium_generator,2022,40.0,3.1,0.08500000000000008
premium_generator,2022,40.0,3.2,0.07000000000000017
premium_generator,2022,40.0,3.3,0.05500000000000016
premium_generator,2022,40.0,3.4,0.04000000000000015
premium_generator,2022,40.0,3.5,0.025000000000000133
premium_generator,2022,40.0,3.6,0.010000000000000009
premium_generator,2022,40.0,3.7,-0.004999999999999893
premium_generator,2022,40.0,3.8,-0.019999999999999796
premium_generator,2022,40.0,3.9,-0.03499999999999992
premium_generator,2022,40.0,4.0,-0.04999999999999982
premium_generator,2022,40.0,4.1,-0.06499999999999995
premium_generator,2022,40.0,4.2,-0.07999999999999985
premium_generator,2022,40.0,4.3,-0.09499999999999997
premium_generator,2022,40.0,4.4,-0.1100000000000001
premium_generator,2022,40.0,4.5,-0.12499999999999978
premium_generator,2022,40.0,4.6,-0.1399999999999999
premium_generator,2022,40.0,4.7,-0.15500000000000003
premium_generator,2022,40.0,4.8,-0.1699999999999997
premium_generator,2022,40.0,4.9,-0.18500000000000005
premium_generator,2022,40.0,5.0,-0.19999999999999996
premium_generator,2022,40.0,5.1,-0.21499999999999986
premium_generator,2022,40.0,5.2,-0.22999999999999998
premium_generator,2022,40.0,5.3,-0.24499999999999988
premium_generator,2022,40.0,5.4,-0.26
premium_generator,2022,40.0,5.5,-0.2749999999999999
premium_generator,2022,40.0,5.6,-0.2899999999999998
premium_generator,2022,40.0,5.7,-0.30499999999999994
premium_generator,2022,40.0,5.8,-0.31999999999999984
premium_generator,2022,40.0,5.9,-0.33499999999999996
premium_generator,2022,40.0,6.0,-0.34999999999999987
premium_generator,2022,40.0,6.1,-0.36499999999999977
premium_generator,2022,40.0,6.2,-0.3800000000000001
premium_generator,2022,40.0,6.3,-0.3949999999999998
premium_generator,2022,40.0,6.4,-0.41000000000000014
premium_generator,2022,40.0,6.5,-0.4249999999999998
premium_generator,2022,40.0,6.6,-0.43999999999999995
premium_generator,2022,40.0,6.7,-0.45499999999999985
premium_generator,2022,40.0,6.8,-0.47
premium_generator,2022,40.0,6.9,-0.4850000000000001
premium_generator,2022,40.0,7.0,-0.5
premium_generator,2022,40.0,7.1,-0.5149999999999997
premium_generator,2022,40.0,7.2,-0.53
premium_generator,2022,40.0,7.3,-0.5449999999999997
premium_generator,2022,40.0,7.4,-0.56
premium_generator,2022,40.0,7.5,-0.575
premium_generator,2022,40.0,7.6,-0.5899999999999999
premium_generator,2022,40.0,7.7,-0.605
premium_generator,2022,40.0,7.8,-0.6199999999999999
premium_generator,2022,40.0,7.9,-0.635
premium_generator,2022,40.0,8.0,-0.6499999999999999
premium_generator,2022,60.0,0.02,0.547
premium_generator,2022,60.0,0.04,0.544
premium_generator,2022,60.0,0.06,0.5410000000000001
premium_generator,2022,60.0,0.08,0.538
premium_generator,2022,60.0,0.1,0.5350000000000001
premium_generator,2022,60.0,0.12,0.532
premium_generator,2022,60.0,0.14,0.529
premium_generator,2022,60.0,0.16,0.526
premium_generator,2022,60.0,0.18,0.5230000000000001
premium_generator,2022,60.0,0.2,0.52
premium_generator,2022,60.0,0.22,0.5170000000000001
premium_generator,2022,60.0,0.24,0.514
premium_generator,2022,60.0,0.26,0.5110000000000001
premium_generator,2022,60.0,0.28,0.508
premium_generator,2022,60.0,0.3,0.5050000000000001
premium_generator,2022,60.0,0.32,0.502
premium_generator,2022,60.0,0.34,0.4990000000000001
premium_generator,2022,60.0,0.36,0.496
premium_generator,2022,60.0,0.38,0.493
premium_generator,2022,60.0,0.4,0.49
premium_generator,2022,60.0,0.42,0.4870000000000001
premium_generator,2022,60.0,0.44,0.4840000000000001
premium_generator,2022,60.0,0.46,0.4810000000000001
premium_generator,2022,60.0,0.48,0.4780000000000001
premium_generator,2022,60.0,0.5,0.4750000000000001
premium_generator,2022,60.0,0.52,0.472
premium_generator,2022,60.0,0.54,0.4690000000000001
premium_generator,2022,60.0,0.56,0.4660000000000001
premium_generator,2022,60.0,0.58,0.4630000000000001
premium_generator,2022,60.0,0.6,0.4600000000000001
premium_generator,2022,60.0,0.62,0.4570000000000001
premium_generator,2022,60.0,0.64,0.45400000000000007
premium_generator,2022,60.0,0.66,0.45100000000000007
premium_generator,2022,60.0,0.68,0.44800000000000006
premium_generator,2022,60.0,0.7,0.44500000000000006
premium_generator,2022,60.0,0.72,0.44200000000000006
premium_generator,2022,60.0,0.74,0.43900000000000006
premium_generator,2022,60.0,0.76,0.43600000000000005
premium_generator,2022,60.0,0.78,0.43300000000000005
premium_generator,2022,60.0,0.8,0.43000000000000005
premium_generator,2022,60.0,0.82,0.42700000000000005
premium_generator,2022,60.0,0.84,0.42400000000000015
premium_generator,2022,60.0,0.86,0.42100000000000004
premium_generator,2022,60.0,0.88,0.41800000000000004
premium_generator,2022,60.0,0.9,0.41500000000000004
premium_generator,2022,60.0,0.92,0.41200000000000003
premium_generator,2022,60.0,0.94,0.40900000000000003
premium_generator,2022,60.0,0.96,0.406
premium_generator,2022,60.0,0.98,0.40300000000000014
premium_generator,2022,60.0,1.0,0.4
premium_generator,2022,60.0,1.1,0.385
premium_generator,2022,60.0,1.2,0.37
premium_generator,2022,60.0,1.3,0.3550000000000001
premium_generator,2022,60.0,1.4,0.3400000000000001
premium_generator,2022,60.0,1.5,0.32500000000000007
premium_generator,2022,60.0,1.6,0.31000000000000005
premium_generator,2022,60.0,1.7,0.29500000000000015
premium_generator,2022,60.0,1.8,0.28
premium_generator,2022,60.0,1.9,0.2650000000000001
premium_generator,2022,60.0,2.0,0.25
premium_generator,2022,60.0,2.1,0.235
premium_generator,2022,60.0,2.2,0.21999999999999997
premium_generator,2022,60.0,2.3,0.20500000000000007
premium_generator,2022,60.0,2.4,0.19000000000000006
premium_generator,2022,60.0,2.5,0.17500000000000004
premium_generator,2022,60.0,2.6,0.16000000000000003
premium_generator,2022,60.0,2.7,0.14500000000000002
premium_generator,2022,60.0,2.8,0.13000000000000012
premium_generator,2022,60.0,2.9,0.1150000000000001
premium_generator,2022,60.0,3.0,0.10000000000000009
premium_generator,2022,60.0,3.1,0.08500000000000008
premium_generator,2022,60.0,3.2,0.07000000000000017
premium_generator,2022,60.0,3.3,0.05500000000000016
premium_generator,2022,60.0,3.4,0.04000000000000015
premium_generator,2022,60.0,3.5,0.025000000000000133
premium_generator,2022,60.0,3.6,0.010000000000000009
premium_generator,2022,60.0,3.7,-0.004999999999999893
premium_generator,2022,60.0,3.8,-0.019999999999999796
premium_generator,2022,60.0,3.9,-0.03499999999999992
premium_generator,2022,60.0,4.0,-0.04999999999999982
premium_generator,2022,60.0,4.1,-0.06499999999999995
premium_generator,2022,60.0,4.2,-0.07999999999999985
premium_generator,2022,60.0,4.3,-0.09499999999999997
premium_generator,2022,60.0,4.4,-0.1100000000000001
premium_generator,2022,60.0,4.5,-0.12499999999999978
premium_generator,2022,60.0,4.6,-0.1399999999999999
premium_generator,2022,60.0,4.7,-0.15500000000000003
premium_generator,2022,60.0,4.8,-0.1699999999999997
premium_generator,2022,60.0,4.9,-0.18500000000000005
premium_generator,2022,60.0,5.0,-0.19999999999999996
premium_generator,2022,60.0,5.1,-0.21499999999999986
premium_generator,2022,60.0,5.2,-0.22999999999999998
premium_generator,2022,60.0,5.3,-0.24499999999999988
premium_generator,2022,60.0,5.4,-0.26
premium_generator,2022,60.0,5.5,-0.2749999999999999
premium_generator,2022,60.0,5.6,-0.2899999999999998
premium_generator,2022,60.0,5.7,-0.30499999999999994
premium_generator,2022,60.0,5.8,-0.31999999999999984
premium_generator,2022,60.0,5.9,-0.33499999999999996
premium_generator,2022,60.0,6.0,-0.34999999999999987
premium_generator,2022,60.0,6.1,-0.36499999999999977
premium_generator,2022,60.0,6.2,-0.3800000000000001
premium_generator,2022,60.0,6.3,-0.3949999999999998
premium_generator,2022,60.0,6.4,-0.41000000000000014
premium_generator,2022,60.0,6.5,-0.4249999999999998
premium_generator,2022,60.0,6.6,-0.43999999999999995
premium_generator,2022,60.0,6.7,-0.45499999999999985
premium_generator,2022,60.0,6.8,-0.47
premium_generator,2022,60.0,6.9,-0.4850000000000001
premium_generator,2022,60.0,7.0,-0.5
premium_generator,2022,60.0,7.1,-0.5149999999999997
premium_generator,2022,60.0,7.2,-0.53
premium_generator,2022,60.0,7.3,-0.5449999999999997
premium_generator,2022,60.0,7.4,-0.56
premium_generator,2022,60.0,7.5,-0.575
premium_generator,2022,60.0,7.6,-0.5899999999999999
premium_generator,2022,60.0,7.7,-0.605
premium_generator,2022,60.0,7.8,-0.6199999999999999
premium_generator,2022,60.0,7.9,-0.635
premium_generator,2022,60.0,8.0,-0.6499999999999999
premium_generator,2022,90.0,0.02,0.0
premium_generator,2022,90.0,0.04,0.0
premium_generator,2022,90.0,0.06,0.0
premium_generator,2022,90.0,0.08,0.0
premium_generator,2022,90.0,0.1,0.0
premium_generator,2022,90.0,0.12,0.0
premium_generator,2022,90.0,0.14,0.0
premium_generator,2022,90.0,0.16,0.0
premium_generator,2022,90.0,0.18,0.0
premium_generator,2022,90.0,0.2,0.0
premium_generator,2022,90.0,0.22,0.0
premium_generator,2022,90.0,0.24,0.0
premium_generator,2022,90.0,0.26,0.0
premium_generator,2022,90.0,0.28,0.0
premium_generator,2022,90.0,0.3,0.0
premium_generator,2022,90.0,0.32,0.0
premium_generator,2022,90.0,0.34,0.0
premium_generator,2022,90.0,0.36,0.0
premium_generator,2022,90.0,0.38,0.0
premium_generator,2022,90.0,0.4,0.0
premium_generator,2022,90.0,0.42,0.0
premium_generator,2022,90.0,0.44,0.0
premium_generator,2022,90.0,0.46,0.0
premium_generator,2022,90.0,0.48,0.0
premium_generator,2022,90.0,0.5,0.0
premium_generator,2022,90.0,0.52,0.0
premium_generator,2022,90.0,0.54,0.0
premium_generator,2022,90.0,0.56,0.0
premium_generator,2022,90.0,0.58,0.0
premium_generator,2022,90.0,0.6,0.0
premium_generator,2022,90.0,0.62,0.0
premium_generator,2022,90.0,0.64,0.0
premium_generator,2022,90.0,0.66,0.0
premium_generator,2022,90.0,0.68,0.0
premium_generator,2022,90.0,0.7,0.0
premium_generator,2022,90.0,0.72,0.0
premium_generator,2022,90.0,0.74,0.0
premium_generator,2022,90.0,0.76,0.0
premium_generator,2022,90.0,0.78,0.0
premium_generator,2022,90.0,0.8,0.0
premium_generator,2022,90.0,0.82,0.0
premium_generator,2022,90.0,0.84,0.0
premium_generator,2022,90.0,0.86,0.0
premium_generator,2022,90.0,0.88,0.0
premium_generator,2022,90.0,0.9,0.0
premium_generator,2022,90.0,0.92,0.0
premium_generator,2022,90.0,0.94,0.0
premium_generator,2022,90.0,0.96,0.0
premium_generator,2022,90.0,0.98,0.0
premium_generator,2022,90.0,1.0,0.0
premium_generator,2022,90.0,1.1,0.0
premium_generator,2022,90.0,1.2,0.0
premium_generator,2022,90.0,1.3,0.0
premium_generator,2022,90.0,1.4,0.0
premium_generator,2022,90.0,1.5,0.0
premium_generator,2022,90.0,1.6,0.0
premium_generator,2022,90.0,1.7,0.0
premium_generator,2022,90.0,1.8,0.0
premium_generator,2022,90.0,1.9,0.0
premium_generator,2022,90.0,2.0,0.0
premium_generator,2022,90.0,2.1,0.0
premium_generator,2022,90.0,2.2,0.0
premium_generator,2022,90.0,2.3,0.0
premium_generator,2022,90.0,2.4,0.0
premium_generator,2022,90.0,2.5,0.0
premium_generator,2022,90.0,2.6,0.0
premium_generator,2022,90.0,2.7,0.0
premium_generator,2022,90.0,2.8,0.0
premium_generator,2022,90.0,2.9,0.0
premium_generator,2022,90.0,3.0,0.0
premium_generator,2022,90.0,3.1,0.0
premium_generator,2022,90.0,3.2,0.0
premium_generator,2022,90.0,3.3,0.0
premium_generator,2022,90.0,3.4,0.0
premium_generator,2022,90.0,3.5,0.0
premium_generator,2022,90.0,3.6,0.0
premium_generator,2022,90.0,3.7,0.0
premium_generator,2022,90.0,3.8,0.0
premium_generator,2022,90.0,3.9,0.0
premium_generator,2022,90.0,4.0,0.0
premium_generator,2022,90.0,4.1,0.0
premium_generator,2022,90.0,4.2,0.0
premium_generator,2022,90.0,4.3,0.0
premium_generator,2022,90.0,4.4,0.0
premium_generator,2022,90.0,4.5,0.0
premium_generator,2022,90.0,4.6,0.0
premium_generator,2022,90.0,4.7,0.0
premium_generator,2022,90.0,4.8,0.0
premium_generator,2022,90.0,4.9,0.0
premium_generator,2022,90.0,5.0,0.0
premium_generator,2022,90.0,5.1,0.0
premium_generator,2022,90.0,5.2,0.0
premium_generator,2022,90.0,5.3,0.0
premium_generator,2022,90.0,5.4,0.0
premium_generator,2022,90.0,5.5,0.0
premium_generator,2022,90.0,5.6,0.0
premium_generator,2022,90.0,5.7,0.0
premium_generator,2022,90.0,5.8,0.0
premium_generator,2022,90.0,5.9,0.0
premium_generator,2022,90.0,6.0,0.0
premium_generator,2022,90.0,6.1,0.0
premium_generator,2022,90.0,6.2,0.0
premium_generator,2022,90.0,6.3,0.0
premium_generator,2022,90.0,6.4,0.0
premium_generator,2022,90.0,6.5,0.0
premium_generator,2022,90.0,6.6,0.0
premium_generator,2022,90.0,6.7,0.0
premium_generator,2022,90.0,6.8,0.0
premium_generator,2022,90.0,6.9,0.0
premium_generator,2022,90.0,7.0,0.0
premium_generator,2022,90.0,7.1,0.0
premium_generator,2022,90.0,7.2,0.0
premium_generator,2022,90.0,7.3,0.0
premium_generator,2022,90.0,7.4,0.0
premium_generator,2022,90.0,7.5,0.0
premium_generator,2022,90.0,7.6,0.0
premium_generator,2022,90.0,7.7,0.0
premium_generator,2022,90.0,7.8,0.0
premium_generator,2022,90.0,7.9,0.0
premium_generator,2022,90.0,8.0,0.0
flexible_load,2022,0.0,0.02,0.8305714285714285
flexible_load,2022,0.0,0.04,0.8182857142857143
flexible_load,2022,0.0,0.06,0.806
flexible_load,2022,0.0,0.08,0.7937142857142857
flexible_load,2022,0.0,0.1,0.7814285714285714
flexible_load,2022,0.0,0.12,0.7691428571428571
flexible_load,2022,0.0,0.14,0.7568571428571429
flexible_load,2022,0.0,0.16,0.7445714285714286
flexible_load,2022,0.0,0.18,0.7322857142857143
flexible_load,2022,0.0,0.2,0.72
flexible_load,2022,0.0,0.22,0.7077142857142857
flexible_load,2022,0.0,0.24,0.6954285714285714
flexible_load,2022,0.0,0.26,0.683142857142857
flexible_load,2022,0.0,0.28,0.6708571428571428
flexible_load,2022,0.0,0.3,0.6585714285714286
flexible_load,2022,0.0,0.32,0.6462857142857144
flexible_load,2022,0.0,0.34,0.6339999999999999
flexible_load,2022,0.0,0.36,0.6217142857142857
flexible_load,2022,0.0,0.38,0.6094285714285714
flexible_load,2022,0.0,0.4,0.5971428571428572
flexible_load,2022,0.0,0.42,0.584857142857143
flexible_load,2022,0.0,0.44,0.5725714285714285
flexible_load,2022,0.0,0.46,0.5602857142857143
flexible_load,2022,0.0,0.48,0.5479999999999999
flexible_load,2022,0.0,0.5,0.5357142857142857
flexible_load,2022,0.0,0.52,0.5234285714285714
flexible_load,2022,0.0,0.54,0.5111428571428571
flexible_load,2022,0.0,0.56,0.4988571428571428
flexible_load,2022,0.0,0.58,0.48657142857142854
flexible_load,2022,0.0,0.6,0.4742857142857143
flexible_load,2022,0.0,0.62,0.46199999999999997
flexible_load,2022,0.0,0.64,0.44971428571428573
flexible_load,2022,0.0,0.66,0.4374285714285714
flexible_load,2022,0.0,0.68,0.42514285714285716
flexible_load,2022,0.0,0.7,0.4128571428571429
flexible_load,2022,0.0,0.72,0.4005714285714286
flexible_load,2022,0.0,0.74,0.38828571428571435
flexible_load,2022,0.0,0.76,0.376
flexible_load,2022,0.0,0.78,0.36371428571428566
flexible_load,2022,0.0,0.8,0.3514285714285714
flexible_load,2022,0.0,0.82,0.3391428571428571
flexible_load,2022,0.0,0.84,0.32685714285714285
flexible_load,2022,0.0,0.86,0.3145714285714285
flexible_load,2022,0.0,0.88,0.30228571428571427
flexible_load,2022,0.0,0.9,0.2899999999999999
flexible_load,2022,0.0,0.92,0.2777142857142857
flexible_load,2022,0.0,0.94,0.26542857142857146
flexible_load,2022,0.0,0.96,0.2531428571428571
flexible_load,2022,0.0,0.98,0.24085714285714288
flexible_load,2022,0.0,1.0,0.22857142857142854
flexible_load,2022,0.0,1.1,0.16714285714285704
flexible_load,2022,0.0,1.2,0.10571428571428576
flexible_load,2022,0.0,1.3,0.04428571428571426
flexible_load,2022,0.0,1.4,-0.017142857142857126
flexible_load,2022,0.0,1.5,-0.07857142857142851
flexible_load,2022,0.0,1.6,-0.14000000000000035
flexible_load,2022,0.0,1.7,-0.20142857142857173
flexible_load,2022,0.0,1.8,-0.2628571428571431
flexible_load,2022,0.0,1.9,-0.3242857142857145
flexible_load,2022,0.0,2.0,-0.3857142857142859
flexible_load,2022,0.0,2.1,-0.4471428571428573
flexible_load,2022,0.0,2.2,-0.5085714285714289
flexible_load,2022,0.0,2.3,-0.5700000000000001
flexible_load,2022,0.0,2.4,-0.6314285714285715
flexible_load,2022,0.0,2.5,-0.6928571428571428
flexible_load,2022,0.0,2.6,-0.7542857142857147
flexible_load,2022,0.0,2.7,-0.8157142857142861
flexible_load,2022,0.0,2.8,-0.8771428571428572
flexible_load,2022,0.0,2.9,-0.9385714285714288
flexible_load,2022,0.0,3.0,-1.0
flexible_load,2022,0.0,3.1,-1.0614285714285714
flexible_load,2022,0.0,3.2,-1.1228571428571432
flexible_load,2022,0.0,3.3,-1.1842857142857142
flexible_load,2022,0.0,3.4,-1.245714285714286
flexible_load,2022,0.0,3.5,-1.3071428571428574
flexible_load,2022,0.0,3.6,-1.3685714285714288
flexible_load,2022,0.0,3.7,-1.4300000000000002
flexible_load,2022,0.0,3.8,-1.4914285714285715
flexible_load,2022,0.0,3.9,-1.552857142857143
flexible_load,2022,0.0,4.0,-1.6142857142857148
flexible_load,2022,0.0,4.1,-1.6757142857142862
flexible_load,2022,0.0,4.2,-1.7371428571428575
flexible_load,2022,0.0,4.3,-1.798571428571429
flexible_load,2022,0.0,4.4,-1.8600000000000008
flexible_load,2022,0.0,4.5,-1.9214285714285717
flexible_load,2022,0.0,4.6,-1.982857142857143
flexible_load,2022,0.0,4.7,-2.044285714285715
flexible_load,2022,0.0,4.8,-2.105714285714286
flexible_load,2022,0.0,4.9,-2.1671428571428577
flexible_load,2022,0.0,5.0,-2.2285714285714286
flexible_load,2022,0.0,5.1,-2.29
flexible_load,2022,0.0,5.2,-2.351428571428572
flexible_load,2022,0.0,5.3,-2.412857142857143
flexible_load,2022,0.0,5.4,-2.4742857142857146
flexible_load,2022,0.0,5.5,-2.535714285714286
flexible_load,2022,0.0,5.6,-2.597142857142857
flexible_load,2022,0.0,5.7,-2.658571428571429
flexible_load,2022,0.0,5.8,-2.72
flexible_load,2022,0.0,5.9,-2.7814285714285716
flexible_load,2022,0.0,6.0,-2.8428571428571434
flexible_load,2022,0.0,6.1,-2.904285714285715
flexible_load,2022,0.0,6.2,-2.965714285714286
flexible_load,2022,0.0,6.3,-3.0271428571428576
flexible_load,2022,0.0,6.4,-3.088571428571429
flexible_load,2022,0.0,6.5,-3.1500000000000004
flexible_load,2022,0.0,6.6,-3.211428571428571
flexible_load,2022,0.0,6.7,-3.272857142857143
flexible_load,2022,0.0,6.8,-3.3342857142857145
flexible_load,2022,0.0,6.9,-3.395714285714286
flexible_load,2022,0.0,7.0,-3.4571428571428573
flexible_load,2022,0.0,7.1,-3.5185714285714287
flexible_load,2022,0.0,7.2,-3.58
flexible_load,2022,0.0,7.3,-3.6414285714285715
flexible_load,2022,0.0,7.4,-3.702857142857143
flexible_load,2022,0.0,7.5,-3.7642857142857142
flexible_load,2022,0.0,7.6,-3.8257142857142856
flexible_load,2022,0.0,7.7,-3.887142857142857
flexible_load,2022,0.0,7.8,-3.9485714285714284
flexible_load,2022,0.0,7.9,-4.01
flexible_load,2022,0.0,8.0,-4.071428571428571
flexible_load,2022,5.0,0.02,0.7205714285714286
flexible_load,2022,5.0,0.04,0.7125714285714286
flexible_load,2022,5.0,0.06,0.7045714285714286
flexible_load,2022,5.0,0.08,0.6965714285714285
flexible_load,2022,5.0,0.1,0.6885714285714286
flexible_load,2022,5.0,0.12,0.6805714285714286
flexible_load,2022,5.0,0.14,0.6725714285714286
flexible_load,2022,5.0,0.16,0.6645714285714286
flexible_load,2022,5.0,0.18,0.6565714285714286
flexible_load,2022,5.0,0.2,0.6485714285714286
flexible_load,2022,5.0,0.22,0.6405714285714286
flexible_load,2022,5.0,0.24,0.6325714285714286
flexible_load,2022,5.0,0.26,0.6245714285714286
flexible_load,2022,5.0,0.28,0.6165714285714285
flexible_load,2022,5.0,0.3,0.6085714285714285
flexible_load,2022,5.0,0.32,0.6005714285714285
flexible_load,2022,5.0,0.34,0.5925714285714285
flexible_load,2022,5.0,0.36,0.5845714285714285
flexible_load,2022,5.0,0.38,0.5765714285714285
flexible_load,2022,5.0,0.4,0.5685714285714285
flexible_load,2022,5.0,0.42,0.5605714285714285
flexible_load,2022,5.0,0.44,0.5525714285714285
flexible_load,2022,5.0,0.46,0.5445714285714285
flexible_load,2022,5.0,0.48,0.5365714285714285
flexible_load,2022,5.0,0.5,0.5285714285714285
flexible_load,2022,5.0,0.52,0.5205714285714285
flexible_load,2022,5.0,0.54,0.5125714285714286
flexible_load,2022,5.0,0.56,0.5045714285714284
flexible_load,2022,5.0,0.58,0.49657142857142855
flexible_load,2022,5.0,0.6,0.48857142857142855
flexible_load,2022,5.0,0.62,0.48057142857142854
flexible_load,2022,5.0,0.64,0.4725714285714284
flexible_load,2022,5.0,0.66,0.4645714285714285
flexible_load,2022,5.0,0.68,0.4565714285714285
flexible_load,2022,5.0,0.7,0.4485714285714286
flexible_load,2022,5.0,0.72,0.4405714285714285
flexible_load,2022,5.0,0.74,0.4325714285714285
flexible_load,2022,5.0,0.76,0.4245714285714285
flexible_load,2022,5.0,0.78,0.4165714285714285
flexible_load,2022,5.0,0.8,0.4085714285714286
flexible_load,2022,5.0,0.82,0.4005714285714286
flexible_load,2022,5.0,0.84,0.39257142857142857
flexible_load,2022,5.0,0.86,0.38457142857142845
flexible_load,2022,5.0,0.88,0.37657142857142856
flexible_load,2022,5.0,0.9,0.36857142857142844
flexible_load,2022,5.0,0.92,0.36057142857142843
flexible_load,2022,5.0,0.94,0.35257142857142854
flexible_load,2022,5.0,0.96,0.34457142857142864
flexible_load,2022,5.0,0.98,0.3365714285714285
flexible_load,2022,5.0,1.0,0.3285714285714285
flexible_load,2022,5.0,1.1,0.2885714285714286
flexible_load,2022,5.0,1.2,0.24857142857142844
flexible_load,2022,5.0,1.3,0.20857142857142852
flexible_load,2022,5.0,1.4,0.1685714285714286
flexible_load,2022,5.0,1.5,0.12857142857142845
flexible_load,2022,5.0,1.6,0.08857142857142841
flexible_load,2022,5.0,1.7,0.04857142857142849
flexible_load,2022,5.0,1.8,0.008571428571428452
flexible_load,2022,5.0,1.9,-0.03142857142857136
flexible_load,2022,5.0,2.0,-0.0714285714285714
flexible_load,2022,5.0,2.1,-0.11142857142857143
flexible_load,2022,5.0,2.2,-0.15142857142857147
flexible_load,2022,5.0,2.3,-0.19142857142857173
flexible_load,2022,5.0,2.4,-0.23142857142857154
flexible_load,2022,5.0,2.5,-0.27142857142857135
flexible_load,2022,5.0,2.6,-0.3114285714285714
flexible_load,2022,5.0,2.7,-0.3514285714285714
flexible_load,2022,5.0,2.8,-0.39142857142857146
flexible_load,2022,5.0,2.9,-0.4314285714285717
flexible_load,2022,5.0,3.0,-0.47142857142857175
flexible_load,2022,5.0,3.1,-0.5114285714285718
flexible_load,2022,5.0,3.2,-0.5514285714285718
flexible_load,2022,5.0,3.3,-0.5914285714285714
flexible_load,2022,5.0,3.4,-0.6314285714285715
flexible_load,2022,5.0,3.5,-0.6714285714285717
flexible_load,2022,5.0,3.6,-0.7114285714285717
flexible_load,2022,5.0,3.7,-0.7514285714285718
flexible_load,2022,5.0,3.8,-0.7914285714285714
flexible_load,2022,5.0,3.9,-0.8314285714285714
flexible_load,2022,5.0,4.0,-0.8714285714285714
flexible_load,2022,5.0,4.1,-0.9114285714285715
flexible_load,2022,5.0,4.2,-0.9514285714285717
flexible_load,2022,5.0,4.3,-0.9914285714285718
flexible_load,2022,5.0,4.4,-1.0314285714285716
flexible_load,2022,5.0,4.5,-1.0714285714285716
flexible_load,2022,5.0,4.6,-1.1114285714285717
flexible_load,2022,5.0,4.7,-1.1514285714285717
flexible_load,2022,5.0,4.8,-1.1914285714285717
flexible_load,2022,5.0,4.9,-1.2314285714285718
flexible_load,2022,5.0,5.0,-1.2714285714285714
flexible_load,2022,5.0,5.1,-1.3114285714285714
flexible_load,2022,5.0,5.2,-1.3514285714285714
flexible_load,2022,5.0,5.3,-1.3914285714285715
flexible_load,2022,5.0,5.4,-1.4314285714285715
flexible_load,2022,5.0,5.5,-1.4714285714285715
flexible_load,2022,5.0,5.6,-1.5114285714285711
flexible_load,2022,5.0,5.7,-1.551428571428572
flexible_load,2022,5.0,5.8,-1.5914285714285716
flexible_load,2022,5.0,5.9,-1.6314285714285717
flexible_load,2022,5.0,6.0,-1.6714285714285717
flexible_load,2022,5.0,6.1,-1.7114285714285717
flexible_load,2022,5.0,6.2,-1.7514285714285718
flexible_load,2022,5.0,6.3,-1.7914285714285714
flexible_load,2022,5.0,6.4,-1.8314285714285718
flexible_load,2022,5.0,6.5,-1.8714285714285714
flexible_load,2022,5.0,6.6,-1.9114285714285715
flexible_load,2022,5.0,6.7,-1.9514285714285715
flexible_load,2022,5.0,6.8,-1.9914285714285715
flexible_load,2022,5.0,6.9,-2.0314285714285716
flexible_load,2022,5.0,7.0,-2.071428571428572
flexible_load,2022,5.0,7.1,-2.1114285714285717
flexible_load,2022,5.0,7.2,-2.1514285714285717
flexible_load,2022,5.0,7.3,-2.1914285714285717
flexible_load,2022,5.0,7.4,-2.2314285714285718
flexible_load,2022,5.0,7.5,-2.271428571428572
flexible_load,2022,5.0,7.6,-2.3114285714285714
flexible_load,2022,5.0,7.7,-2.351428571428572
flexible_load,2022,5.0,7.8,-2.3914285714285715
flexible_load,2022,5.0,7.9,-2.4314285714285715
flexible_load,2022,5.0,8.0,-2.4714285714285715
flexible_load,2022,15.0,0.02,0.665142857142857
flexible_load,2022,15.0,0.04,0.6588571428571428
flexible_load,2022,15.0,0.06,0.6525714285714286
flexible_load,2022,15.0,0.08,0.6462857142857142
flexible_load,2022,15.0,0.1,0.6399999999999999
flexible_load,2022,15.0,0.12,0.6337142857142857
flexible_load,2022,15.0,0.14,0.6274285714285714
flexible_load,2022,15.0,0.16,0.6211428571428571
flexible_load,2022,15.0,0.18,0.6148571428571428
flexible_load,2022,15.0,0.2,0.6085714285714285
flexible_load,2022,15.0,0.22,0.6022857142857143
flexible_load,2022,15.0,0.24,0.596
flexible_load,2022,15.0,0.26,0.5897142857142856
flexible_load,2022,15.0,0.28,0.5834285714285714
flexible_load,2022,15.0,0.3,0.5771428571428571
flexible_load,2022,15.0,0.32,0.5708571428571428
flexible_load,2022,15.0,0.34,0.5645714285714285
flexible_load,2022,15.0,0.36,0.5582857142857143
flexible_load,2022,15.0,0.38,0.5519999999999999
flexible_load,2022,15.0,0.4,0.5457142857142856
flexible_load,2022,15.0,0.42,0.5394285714285714
flexible_load,2022,15.0,0.44,0.5331428571428571
flexible_load,2022,15.0,0.46,0.5268571428571428
flexible_load,2022,15.0,0.48,0.5205714285714285
flexible_load,2022,15.0,0.5,0.5142857142857142
flexible_load,2022,15.0,0.52,0.5079999999999999
flexible_load,2022,15.0,0.54,0.5017142857142856
flexible_load,2022,15.0,0.56,0.49542857142857133
flexible_load,2022,15.0,0.58,0.4891428571428571
flexible_load,2022,15.0,0.6,0.48285714285714276
flexible_load,2022,15.0,0.62,0.47657142857142853
flexible_load,2022,15.0,0.64,0.4702857142857143
flexible_load,2022,15.0,0.66,0.46399999999999997
flexible_load,2022,15.0,0.68,0.45771428571428574
flexible_load,2022,15.0,0.7,0.4514285714285714
flexible_load,2022,15.0,0.72,0.4451428571428572
flexible_load,2022,15.0,0.74,0.43885714285714283
flexible_load,2022,15.0,0.76,0.4325714285714285
flexible_load,2022,15.0,0.78,0.42628571428571427
flexible_load,2022,15.0,0.8,0.4199999999999998
flexible_load,2022,15.0,0.82,0.4137142857142857
flexible_load,2022,15.0,0.84,0.40742857142857136
flexible_load,2022,15.0,0.86,0.401142857142857
flexible_load,2022,15.0,0.88,0.3948571428571428
flexible_load,2022,15.0,0.9,0.38857142857142846
flexible_load,2022,15.0,0.92,0.38228571428571423
flexible_load,2022,15.0,0.94,0.376
flexible_load,2022,15.0,0.96,0.36971428571428566
flexible_load,2022,15.0,0.98,0.36342857142857143
flexible_load,2022,15.0,1.0,0.3571428571428571
flexible_load,2022,15.0,1.1,0.3257142857142855
flexible_load,2022,15.0,1.2,0.29428571428571426
flexible_load,2022,15.0,1.3,0.2628571428571429
flexible_load,2022,15.0,1.4,0.23142857142857143
flexible_load,2022,15.0,1.5,0.19999999999999996
flexible_load,2022,15.0,1.6,0.16857142857142848
flexible_load,2022,15.0,1.7,0.13714285714285712
flexible_load,2022,15.0,1.8,0.10571428571428565
flexible_load,2022,15.0,1.9,0.07428571428571429
flexible_load,2022,15.0,2.0,0.042857142857142816
flexible_load,2022,15.0,2.1,0.011428571428571344
flexible_load,2022,15.0,2.2,-0.020000000000000018
flexible_load,2022,15.0,2.3,-0.05142857142857138
flexible_load,2022,15.0,2.4,-0.08285714285714274
flexible_load,2022,15.0,2.5,-0.11428571428571432
flexible_load,2022,15.0,2.6,-0.1457142857142859
flexible_load,2022,15.0,2.7,-0.17714285714285727
flexible_load,2022,15.0,2.8,-0.20857142857142863
flexible_load,2022,15.0,2.9,-0.24
flexible_load,2022,15.0,3.0,-0.2714285714285716
flexible_load,2022,15.0,3.1,-0.30285714285714294
flexible_load,2022,15.0,3.2,-0.3342857142857145
flexible_load,2022,15.0,3.3,-0.36571428571428566
flexible_load,2022,15.0,3.4,-0.39714285714285724
flexible_load,2022,15.0,3.5,-0.4285714285714286
flexible_load,2022,15.0,3.6,-0.4600000000000002
flexible_load,2022,15.0,3.7,-0.49142857142857155
flexible_load,2022,15.0,3.8,-0.5228571428571429
flexible_load,2022,15.0,3.9,-0.5542857142857145
flexible_load,2022,15.0,4.0,-0.5857142857142859
flexible_load,2022,15.0,4.1,-0.6171428571428572
flexible_load,2022,15.0,4.2,-0.6485714285714288
flexible_load,2022,15.0,4.3,-0.6800000000000002
flexible_load,2022,15.0,4.4,-0.7114285714285717
flexible_load,2022,15.0,4.5,-0.7428571428571431
flexible_load,2022,15.0,4.6,-0.7742857142857142
flexible_load,2022,15.0,4.7,-0.805714285714286
flexible_load,2022,15.0,4.8,-0.8371428571428572
flexible_load,2022,15.0,4.9,-0.8685714285714288
flexible_load,2022,15.0,5.0,-0.9000000000000001
flexible_load,2022,15.0,5.1,-0.9314285714285715
flexible_load,2022,15.0,5.2,-0.9628571428571431
flexible_load,2022,15.0,5.3,-0.9942857142857144
flexible_load,2022,15.0,5.4,-1.0257142857142862
flexible_load,2022,15.0,5.5,-1.0571428571428574
flexible_load,2022,15.0,5.6,-1.088571428571429
flexible_load,2022,15.0,5.7,-1.12
flexible_load,2022,15.0,5.8,-1.1514285714285717
flexible_load,2022,15.0,5.9,-1.1828571428571428
flexible_load,2022,15.0,6.0,-1.2142857142857144
flexible_load,2022,15.0,6.1,-1.2457142857142856
flexible_load,2022,15.0,6.2,-1.2771428571428571
flexible_load,2022,15.0,6.3,-1.3085714285714283
flexible_load,2022,15.0,6.4,-1.3400000000000007
flexible_load,2022,15.0,6.5,-1.3714285714285719
flexible_load,2022,15.0,6.6,-1.4028571428571426
flexible_load,2022,15.0,6.7,-1.4342857142857146
flexible_load,2022,15.0,6.8,-1.4657142857142862
flexible_load,2022,15.0,6.9,-1.4971428571428573
flexible_load,2022,15.0,7.0,-1.528571428571429
flexible_load,2022,15.0,7.1,-1.56
flexible_load,2022,15.0,7.2,-1.5914285714285716
flexible_load,2022,15.0,7.3,-1.6228571428571428
flexible_load,2022,15.0,7.4,-1.6542857142857144
flexible_load,2022,15.0,7.5,-1.6857142857142855
flexible_load,2022,15.0,7.6,-1.717142857142857
flexible_load,2022,15.0,7.7,-1.748571428571429
flexible_load,2022,15.0,7.8,-1.7800000000000007
flexible_load,2022,15.0,7.9,-1.8114285714285718
flexible_load,2022,15.0,8.0,-1.8428571428571434
premium_generator,2023,40.0,0.02,-0.5233501940948124
premium_generator,2023,40.0,0.04,0.0
premium_generator,2023,40.0,0.06,0.0
premium_generator,2023,40.0,0.08,0.0
premium_generator,2023,40.0,0.1,0.0
premium_generator,2023,40.0,0.12,0.0
premium_generator,2023,40.0,0.14,0.0
premium_generator,2023,40.0,0.16,0.0
premium_generator,2023,40.0,0.18,0.0
premium_generator,2023,40.0,0.2,0.0
premium_generator,2023,40.0,0.22,0.0
premium_generator,2023,40.0,0.24,0.0
premium_generator,2023,40.0,0.26,0.0
premium_generator,2023,40.0,0.28,0.0
premium_generator,2023,40.0,0.3,0.0
premium_generator,2023,40.0,0.32,0.0
premium_generator,2023,40.0,0.34,0.0
premium_generator,2023,40.0,0.36,0.0
premium_generator,2023,40.0,0.38,0.0
premium_generator,2023,40.0,0.4,0.0
premium_generator,2023,40.0,0.42,0.0
premium_generator,2023,40.0,0.44,0.0
premium_generator,2023,40.0,0.46,0.0
premium_generator,2023,40.0,0.48,0.0
premium_generator,2023,40.0,0.5,0.0
premium_generator,2023,40.0,0.52,0.0
premium_generator,2023,40.0,0.54,0.0
premium_generator,2023,40.0,0.56,0.0
premium_generator,2023,40.0,0.58,0.0
premium_generator,2023,40.0,0.6,0.0
premium_generator,2023,40.0,0.62,0.0
premium_generator,2023,40.0,0.64,0.0
premium_generator,2023,40.0,0.66,0.0
premium_generator,2023,40.0,0.68,0.0
premium_generator,2023,40.0,0.7,0.0
premium_generator,2023,40.0,0.72,0.0
premium_generator,2023,40.0,0.74,0.0
premium_generator,2023,40.0,0.76,0.0
premium_generator,2023,40.0,0.78,0.0
premium_generator,2023,40.0,0.8,0.0
premium_generator,2023,40.0,0.82,0.0
premium_generator,2023,40.0,0.84,0.0
premium_generator,2023,40.0,0.86,0.0
premium_generator,2023,40.0,0.88,0.0
premium_generator,2023,40.0,0.9,0.0
premium_generator,2023,40.0,0.92,0.0
premium_generator,2023,40.0,0.94,0.0
premium_generator,2023,40.0,0.96,0.0
premium_generator,2023,40.0,0.98,0.0
premium_generator,2023,40.0,1.0,0.0
premium_generator,2023,40.0,1.1,0.0
premium_generator,2023,40.0,1.2,0.0
premium_generator,2023,40.0,1.3,0.0
premium_generator,2023,40.0,1.4,0.0
premium_generator,2023,40.0,1.5,0.0
premium_generator,2023,40.0,1.6,0.0
premium_generator,2023,40.0,1.7,0.0
premium_generator,2023,40.0,1.8,0.0
premium_generator,2023,40.0,1.9,0.0
premium_generator,2023,40.0,2.0,0.0
premium_generator,2023,40.0,2.1,0.0
premium_generator,2023,40.0,2.2,0.0
premium_generator,2023,40.0,2.3,0.0
premium_generator,2023,40.0,2.4,0.0
premium_generator,2023,40.0,2.5,0.0
premium_generator,2023,40.0,2.6,0.0
premium_generator,2023,40.0,2.7,0.0
premium_generator,2023,40.0,2.8,0.0
premium_generator,2023,40.0,2.9,0.0
premium_generator,2023,40.0,3.0,0.0
premium_generator,2023,40.0,3.1,0.0
premium_generator,2023,40.0,3.2,0.0
premium_generator,2023,40.0,3.3,0.0
premium_generator,2023,40.0,3.4,0.0
premium_generator,2023,40.0,3.5,0.0
premium_generator,2023,40.0,3.6,0.0
premium_generator,2023,40.0,3.7,0.0
premium_generator,2023,40.0,3.8,0.0
premium_generator,2023,40.0,3.9,0.0
premium_generator,2023,40.0,4.0,0.0
premium_generator,2023,40.0,4.1,0.0
premium_generator,2023,40.0,4.2,0.0
premium_generator,2023,40.0,4.3,0.0
premium_generator,2023,40.0,4.4,0.0
premium_generator,2023,40.0,4.5,0.0
premium_generator,2023,40.0,4.6,0.0
premium_generator,2023,40.0,4.7,0.0
premium_generator,2023,40.0,4.8,0.0
premium_generator,2023,40.0,4.9,0.0
premium_generator,2023,40.0,5.0,0.0
premium_generator,2023,40.0,5.1,0.0
premium_generator,2023,40.0,5.2,0.0
premium_generator,2023,40.0,5.3,0.0
premium_generator,2023,40.0,5.4,0.0
premium_generator,2023,40.0,5.5,0.0
premium_generator,2023,40.0,5.6,0.0
premium_generator,2023,40.0,5.7,0.0
premium_generator,2023,40.0,5.8,0.0
premium_generator,2023,40.0,5.9,0.0
premium_generator,2023,40.0,6.0,0.0
premium_generator,2023,40.0,6.1,0.0
premium_generator,2023,40.0,6.2,0.0
premium_generator,2023,40.0,6.3,0.0
premium_generator,2023,40.0,6.4,0.0
premium_generator,2023,40.0,6.5,0.0
premium_generator,2023,40.0,6.6,0.0
premium_generator,2023,40.0,6.7,0.0
premium_generator,2023,40.0,6.8,0.0
premium_generator,2023,40.0,6.9,0.0
premium_generator,2023,40.0,7.0,0.0
premium_generator,2023,40.0,7.1,0.0
premium_generator,2023,40.0,7.2,0.0
premium_generator,2023,40.0,7.3,0.0
premium_generator,2023,40.0,7.4,0.0
premium_generator,2023,40.0,7.5,0.0
premium_generator,2023,40.0,7.6,0.0
premium_generator,2023,40.0,7.7,0.0
premium_generator,2023,40.0,7.8,0.0
premium_generator,2023,40.0,7.9,0.0
premium_generator,2023,40.0,8.0,0.0
premium_generator,2023,60.0,0.02,-0.5233501940948124
premium_generator,2023,60.0,0.04,0.0
premium_generator,2023,60.0,0.06,0.0
premium_generator,2023,60.0,0.08,0.0
premium_generator,2023,60.0,0.1,0.0
premium_generator,2023,60.0,0.12,0.0
premium_generator,2023,60.0,0.14,0.0
premium_generator,2023,60.0,0.16,0.0
premium_generator,2023,60.0,0.18,0.0
premium_generator,2023,60.0,0.2,0.0
premium_generator,2023,60.0,0.22,0.0
premium_generator,2023,60.0,0.24,0.0
premium_generator,2023,60.0,0.26,0.0
premium_generator,2023,60.0,0.28,0.0
premium_generator,2023,60.0,0.3,0.0
premium_generator,2023,60.0,0.32,0.0
premium_generator,2023,60.0,0.34,0.0
premium_generator,2023,60.0,0.36,0.0
premium_generator,2023,60.0,0.38,0.0
premium_generator,2023,60.0,0.4,0.0
premium_generator,2023,60.0,0.42,0.0
premium_generator,2023,60.0,0.44,0.0
premium_generator,2023,60.0,0.46,0.0
premium_generator,2023,60.0,0.48,0.0
premium_generator,2023,60.0,0.5,0.0
premium_generator,2023,60.0,0.52,0.0
premium_generator,2023,60.0,0.54,0.0
premium_generator,2023,60.0,0.56,0.0
premium_generator,2023,60.0,0.58,0.0
premium_generator,2023,60.0,0.6,0.0
premium_generator,2023,60.0,0.62,0.0
premium_generator,2023,60.0,0.64,0.0
premium_generator,2023,60.0,0.66,0.0
premium_generator,2023,60.0,0.68,0.0
premium_generator,2023,60.0,0.7,0.0
premium_generator,2023,60.0,0.72,0.0
premium_generator,2023,60.0,0.74,0.0
premium_generator,2023,60.0,0.76,0.0
premium_generator,2023,60.0,0.78,0.0
premium_generator,2023,60.0,0.8,0.0
premium_generator,2023,60.0,0.82,0.0
premium_generator,2023,60.0,0.84,0.0
premium_generator,2023,60.0,0.86,0.0
premium_generator,2023,60.0,0.88,0.0
premium_generator,2023,60.0,0.9,0.0
premium_generator,2023,60.0,0.92,0.0
premium_generator,2023,60.0,0.94,0.0
premium_generator,2023,60.0,0.96,0.0
premium_generator,2023,60.0,0.98,0.0
premium_generator,2023,60.0,1.0,0.0
premium_generator,2023,60.0,1.1,0.0
premium_generator,2023,60.0,1.2,0.0
premium_generator,2023,60.0,1.3,0.0
premium_generator,2023,60.0,1.4,0.0
premium_generator,2023,60.0,1.5,0.0
premium_generator,2023,60.0,1.6,0.0
premium_generator,2023,60.0,1.7,0.0
premium_generator,2023,60.0,1.8,0.0
premium_generator,2023,60.0,1.9,0.0
premium_generator,2023,60.0,2.0,0.0
premium_generator,2023,60.0,2.1,0.0
premium_generator,2023,60.0,2.2,0.0
premium_generator,2023,60.0,2.3,0.0
premium_generator,2023,60.0,2.4,0.0
premium_generator,2023,60.0,2.5,0.0
premium_generator,2023,60.0,2.6,0.0
premium_generator,2023,60.0,2.7,0.0
premium_generator,2023,60.0,2.8,0.0
premium_generator,2023,60.0,2.9,0.0
premium_generator,2023,60.0,3.0,0.0
premium_generator,2023,60.0,3.1,0.0
premium_generator,2023,60.0,3.2,0.0
premium_generator,2023,60.0,3.3,0.0
premium_generator,2023,60.0,3.4,0.0
premium_generator,2023,60.0,3.5,0.0
premium_generator,2023,60.0,3.6,0.0
premium_generator,2023,60.0,3.7,0.0
premium_generator,2023,60.0,3.8,0.0
premium_generator,2023,60.0,3.9,0.0
premium_generator,2023,60.0,4.0,0.0
premium_generator,2023,60.0,4.1,0.0
premium_generator,2023,60.0,4.2,0.0
premium_generator,2023,60.0,4.3,0.0
premium_generator,2023,60.0,4.4,0.0
premium_generator,2023,60.0,4.5,0.0
premium_generator,2023,60.0,4.6,0.0
premium_generator,2023,60.0,4.7,0.0
premium_generator,2023,60.0,4.8,0.0
premium_generator,2023,60.0,4.9,0.0
premium_generator,2023,60.0,5.0,0.0
premium_generator,2023,60.0,5.1,0.0
premium_generator,2023,60.0,5.2,0.0
premium_generator,2023,60.0,5.3,0.0
premium_generator,2023,60.0,5.4,0.0
premium_generator,2023,60.0,5.5,0.0
premium_generator,2023,60.0,5.6,0.0
premium_generator,2023,60.0,5.7,0.0
premium_generator,2023,60.0,5.8,0.0
premium_generator,2023,60.0,5.9,0.0
premium_generator,2023,60.0,6.0,0.0
premium_generator,2023,60.0,6.1,0.0
premium_generator,2023,60.0,6.2,0.0
premium_generator,2023,60.0,6.3,0.0
premium_generator,2023,60.0,6.4,0.0
premium_generator,2023,60.0,6.5,0.0
premium_generator,2023,60.0,6.6,0.0
premium_generator,2023,60.0,6.7,0.0
premium_generator,2023,60.0,6.8,0.0
premium_generator,2023,60.0,6.9,0.0
premium_generator,2023,60.0,7.0,0.0
premium_generator,2023,60.0,7.1,0.0
premium_generator,2023,60.0,7.2,0.0
premium_generator,2023,60.0,7.3,0.0
premium_generator,2023,60.0,7.4,0.0
premium_generator,2023,60.0,7.5,0.0
premium_generator,2023,60.0,7.6,0.0
premium_generator,2023,60.0,7.7,0.0
premium_generator,2023,60.0,7.8,0.0
premium_generator,2023,60.0,7.9,0.0
premium_generator,2023,60.0,8.0,0.0
premium_generator,2023,90.0,0.02,-0.5233501940948124
premium_generator,2023,90.0,0.04,0.0
premium_generator,2023,90.0,0.06,0.0
premium_generator,2023,90.0,0.08,0.0
premium_generator,2023,90.0,0.1,0.0
premium_generator,2023,90.0,0.12,0.0
premium_generator,2023,90.0,0.14,0.0
premium_generator,2023,90.0,0.16,0.0
premium_generator,2023,90.0,0.18,0.0
premium_generator,2023,90.0,0.2,0.0
premium_generator,2023,90.0,0.22,0.0
premium_generator,2023,90.0,0.24,0.0
premium_generator,2023,90.0,0.26,0.0
premium_generator,2023,90.0,0.28,0.0
premium_generator,2023,90.0,0.3,0.0
premium_generator,2023,90.0,0.32,0.0
premium_generator,2023,90.0,0.34,0.0
premium_generator,2023,90.0,0.36,0.0
premium_generator,2023,90.0,0.38,0.0
premium_generator,2023,90.0,0.4,0.0
premium_generator,2023,90.0,0.42,0.0
premium_generator,2023,90.0,0.44,0.0
premium_generator,2023,90.0,0.46,0.0
premium_generator,2023,90.0,0.48,0.0
premium_generator,2023,90.0,0.5,0.0
premium_generator,2023,90.0,0.52,0.0
premium_generator,2023,90.0,0.54,0.0
premium_generator,2023,90.0,0.56,0.0
premium_generator,2023,90.0,0.58,0.0
premium_generator,2023,90.0,0.6,0.0
premium_generator,2023,90.0,0.62,0.0
premium_generator,2023,90.0,0.64,0.0
premium_generator,2023,90.0,0.66,0.0
premium_generator,2023,90.0,0.68,0.0
premium_generator,2023,90.0,0.7,0.0
premium_generator,2023,90.0,0.72,0.0
premium_generator,2023,90.0,0.74,0.0
premium_generator,2023,90.0,0.76,0.0
premium_generator,2023,90.0,0.78,0.0
premium_generator,2023,90.0,0.8,0.0
premium_generator,2023,90.0,0.82,0.0
premium_generator,2023,90.0,0.84,0.0
premium_generator,2023,90.0,0.86,0.0
premium_generator,2023,90.0,0.88,0.0
premium_generator,2023,90.0,0.9,0.0
premium_generator,2023,90.0,0.92,0.0
premium_generator,2023,90.0,0.94,0.0
premium_generator,2023,90.0,0.96,0.0
premium_generator,2023,90.0,0.98,0.0
premium_generator,2023,90.0,1.0,0.0
premium_generator,2023,90.0,1.1,0.0
premium_generator,2023,90.0,1.2,0.0
premium_generator,2023,90.0,1.3,0.0
premium_generator,2023,90.0,1.4,0.0
premium_generator,2023,90.0,1.5,0.0
premium_generator,2023,90.0,1.6,0.0
premium_generator,2023,90.0,1.7,0.0
premium_generator,2023,90.0,1.8,0.0
premium_generator,2023,90.0,1.9,0.0
premium_generator,2023,90.0,2.0,0.0
premium_generator,2023,90.0,2.1,0.0
premium_generator,2023,90.0,2.2,0.0
premium_generator,2023,90.0,2.3,0.0
premium_generator,2023,90.0,2.4,0.0
premium_generator,2023,90.0,2.5,0.0
premium_generator,2023,90.0,2.6,0.0
premium_generator,2023,90.0,2.7,0.0
premium_generator,2023,90.0,2.8,0.0
premium_generator,2023,90.0,2.9,0.0
premium_generator,2023,90.0,3.0,0.0
premium_generator,2023,90.0,3.1,0.0
premium_generator,2023,90.0,3.2,0.0
premium_generator,2023,90.0,3.3,0.0
premium_generator,2023,90.0,3.4,0.0
premium_generator,2023,90.0,3.5,0.0
premium_generator,2023,90.0,3.6,0.0
premium_generator,2023,90.0,3.7,0.0
premium_generator,2023,90.0,3.8,0.0
premium_generator,2023,90.0,3.9,0.0
premium_generator,2023,90.0,4.0,0.0
premium_generator,2023,90.0,4.1,0.0
premium_generator,2023,90.0,4.2,0.0
premium_generator,2023,90.0,4.3,0.0
premium_generator,2023,90.0,4.4,0.0
premium_generator,2023,90.0,4.5,0.0
premium_generator,2023,90.0,4.6,0.0
premium_generator,2023,90.0,4.7,0.0
premium_generator,2023,90.0,4.8,0.0
premium_generator,2023,90.0,4.9,0.0
premium_generator,2023,90.0,5.0,0.0
premium_generator,2023,90.0,5.1,0.0
premium_generator,2023,90.0,5.2,0.0
premium_generator,2023,90.0,5.3,0.0
premium_generator,2023,90.0,5.4,0.0
premium_generator,2023,90.0,5.5,0.0
premium_generator,2023,90.0,5.6,0.0
premium_generator,2023,90.0,5.7,0.0
premium_generator,2023,90.0,5.8,0.0
premium_generator,2023,90.0,5.9,0.0
premium_generator,2023,90.0,6.0,0.0
premium_generator,2023,90.0,6.1,0.0
premium_generator,2023,90.0,6.2,0.0
premium_generator,2023,90.0,6.3,0.0
premium_generator,2023,90.0,6.4,0.0
premium_generator,2023,90.0,6.5,0.0
premium_generator,2023,90.0,6.6,0.0
premium_generator,2023,90.0,6.7,0.0
premium_generator,2023,90.0,6.8,0.0
premium_generator,2023,90.0,6.9,0.0
premium_generator,2023,90.0,7.0,0.0
premium_generator,2023,90.0,7.1,0.0
premium_generator,2023,90.0,7.2,0.0
premium_generator,2023,90.0,7.3,0.0
premium_generator,2023,90.0,7.4,0.0
premium_generator,2023,90.0,7.5,0.0
premium_generator,2023,90.0,7.6,0.0
premium_generator,2023,90.0,7.7,0.0
premium_generator,2023,90.0,7.8,0.0
premium_generator,2023,90.0,7.9,0.0
premium_generator,2023,90.0,8.0,0.0
flexible_load,2023,0.0,0.02,0.5231678486997636
flexible_load,2023,0.0,0.04,0.7254666666666667
flexible_load,2023,0.0,0.06,0.7198666666666667
flexible_load,2023,0.0,0.08,0.7142666666666667
flexible_load,2023,0.0,0.1,0.7086666666666667
flexible_load,2023,0.0,0.12,0.7030666666666667
flexible_load,2023,0.0,0.14,0.6974666666666667
flexible_load,2023,0.0,0.16,0.6918666666666666
flexible_load,2023,0.0,0.18,0.6862666666666666
flexible_load,2023,0.0,0.2,0.6806666666666668
flexible_load,2023,0.0,0.22,0.6750666666666667
flexible_load,2023,0.0,0.24,0.6694666666666667
flexible_load,2023,0.0,0.26,0.6638666666666666
flexible_load,2023,0.0,0.28,0.6582666666666667
flexible_load,2023,0.0,0.3,0.6526666666666667
flexible_load,2023,0.0,0.32,0.6470666666666667
flexible_load,2023,0.0,0.34,0.6414666666666666
flexible_load,2023,0.0,0.36,0.6358666666666667
flexible_load,2023,0.0,0.38,0.6302666666666666
flexible_load,2023,0.0,0.4,0.6246666666666667
flexible_load,2023,0.0,0.42,0.6190666666666667
flexible_load,2023,0.0,0.44,0.6134666666666666
flexible_load,2023,0.0,0.46,0.6078666666666667
flexible_load,2023,0.0,0.48,0.6022666666666667
flexible_load,2023,0.0,0.5,0.5966666666666667
flexible_load,2023,0.0,0.52,0.5910666666666666
flexible_load,2023,0.0,0.54,0.5854666666666666
flexible_load,2023,0.0,0.56,0.5798666666666666
flexible_load,2023,0.0,0.58,0.5742666666666667
flexible_load,2023,0.0,0.6,0.5686666666666667
flexible_load,2023,0.0,0.62,0.5630666666666666
flexible_load,2023,0.0,0.64,0.5574666666666667
flexible_load,2023,0.0,0.66,0.5518666666666667
flexible_load,2023,0.0,0.68,0.5462666666666667
flexible_load,2023,0.0,0.7,0.5406666666666666
flexible_load,2023,0.0,0.72,0.5350666666666667
flexible_load,2023,0.0,0.74,0.5294666666666668
flexible_load,2023,0.0,0.76,0.5238666666666667
flexible_load,2023,0.0,0.78,0.5182666666666667
flexible_load,2023,0.0,0.8,0.5126666666666666
flexible_load,2023,0.0,0.82,0.5070666666666666
flexible_load,2023,0.0,0.84,0.5014666666666667
flexible_load,2023,0.0,0.86,0.4958666666666667
flexible_load,2023,0.0,0.88,0.49026666666666674
flexible_load,2023,0.0,0.9,0.4846666666666667
flexible_load,2023,0.0,0.92,0.47906666666666653
flexible_load,2023,0.0,0.94,0.4734666666666666
flexible_load,2023,0.0,0.96,0.46786666666666665
flexible_load,2023,0.0,0.98,0.4622666666666667
flexible_load,2023,0.0,1.0,0.45666666666666667
flexible_load,2023,0.0,1.1,0.42866666666666664
flexible_load,2023,0.0,1.2,0.4006666666666666
flexible_load,2023,0.0,1.3,0.3726666666666666
flexible_load,2023,0.0,1.4,0.3446666666666667
flexible_load,2023,0.0,1.5,0.31666666666666665
flexible_load,2023,0.0,1.6,0.2886666666666666
flexible_load,2023,0.0,1.7,0.2606666666666667
flexible_load,2023,0.0,1.8,0.23266666666666658
flexible_load,2023,0.0,1.9,0.20466666666666666
flexible_load,2023,0.0,2.0,0.17666666666666664
flexible_load,2023,0.0,2.1,0.1486666666666666
flexible_load,2023,0.0,2.2,0.12066666666666648
flexible_load,2023,0.0,2.3,0.09266666666666667
flexible_load,2023,0.0,2.4,0.06466666666666665
flexible_load,2023,0.0,2.5,0.036666666666666625
flexible_load,2023,0.0,2.6,0.00866666666666649
flexible_load,2023,0.0,2.7,-0.019333333333333202
flexible_load,2023,0.0,2.8,-0.04733333333333345
flexible_load,2023,0.0,2.9,-0.07533333333333347
flexible_load,2023,0.0,3.0,-0.1033333333333335
flexible_load,2023,0.0,3.1,-0.13133333333333352
flexible_load,2023,0.0,3.2,-0.15933333333333355
flexible_load,2023,0.0,3.3,-0.18733333333333313
flexible_load,2023,0.0,3.4,-0.21533333333333315
flexible_load,2023,0.0,3.5,-0.2433333333333334
flexible_load,2023,0.0,3.6,-0.2713333333333334
flexible_load,2023,0.0,3.7,-0.29933333333333345
flexible_load,2023,0.0,3.8,-0.3273333333333335
flexible_load,2023,0.0,3.9,-0.3553333333333335
flexible_load,2023,0.0,4.0,-0.3833333333333335
flexible_load,2023,0.0,4.1,-0.4113333333333331
flexible_load,2023,0.0,4.2,-0.4393333333333336
flexible_load,2023,0.0,4.3,-0.4673333333333334
flexible_load,2023,0.0,4.4,-0.4953333333333336
flexible_load,2023,0.0,4.5,-0.5233333333333334
flexible_load,2023,0.0,4.6,-0.5513333333333335
flexible_load,2023,0.0,4.7,-0.5793333333333335
flexible_load,2023,0.0,4.8,-0.6073333333333335
flexible_load,2023,0.0,4.9,-0.6353333333333335
flexible_load,2023,0.0,5.0,-0.6633333333333336
flexible_load,2023,0.0,5.1,-0.6913333333333334
flexible_load,2023,0.0,5.2,-0.7193333333333338
flexible_load,2023,0.0,5.3,-0.7473333333333334
flexible_load,2023,0.0,5.4,-0.7753333333333334
flexible_load,2023,0.0,5.5,-0.8033333333333335
flexible_load,2023,0.0,5.6,-0.8313333333333335
flexible_load,2023,0.0,5.7,-0.8593333333333335
flexible_load,2023,0.0,5.8,-0.8873333333333335
flexible_load,2023,0.0,5.9,-0.9153333333333336
flexible_load,2023,0.0,6.0,-0.9433333333333334
flexible_load,2023,0.0,6.1,-0.9713333333333334
flexible_load,2023,0.0,6.2,-0.9993333333333334
flexible_load,2023,0.0,6.3,-1.0273333333333334
flexible_load,2023,0.0,6.4,-1.0553333333333335
flexible_load,2023,0.0,6.5,-1.0833333333333335
flexible_load,2023,0.0,6.6,-1.111333333333333
flexible_load,2023,0.0,6.7,-1.1393333333333335
flexible_load,2023,0.0,6.8,-1.1673333333333331
flexible_load,2023,0.0,6.9,-1.1953333333333331
flexible_load,2023,0.0,7.0,-1.2233333333333332
flexible_load,2023,0.0,7.1,-1.2513333333333336
flexible_load,2023,0.0,7.2,-1.2793333333333337
flexible_load,2023,0.0,7.3,-1.3073333333333337
flexible_load,2023,0.0,7.4,-1.3353333333333337
flexible_load,2023,0.0,7.5,-1.3633333333333337
flexible_load,2023,0.0,7.6,-1.3913333333333333
flexible_load,2023,0.0,7.7,-1.4193333333333333
flexible_load,2023,0.0,7.8,-1.4473333333333334
flexible_load,2023,0.0,7.9,-1.4753333333333334
flexible_load,2023,0.0,8.0,-1.5033333333333334
flexible_load,2023,5.0,0.02,-0.7730496453900708
flexible_load,2023,5.0,0.04,0.0
flexible_load,2023,5.0,0.06,0.0
flexible_load,2023,5.0,0.08,0.0
flexible_load,2023,5.0,0.1,0.0
flexible_load,2023,5.0,0.12,0.0
flexible_load,2023,5.0,0.14,0.0
flexible_load,2023,5.0,0.16,0.0
flexible_load,2023,5.0,0.18,0.0
flexible_load,2023,5.0,0.2,0.0
flexible_load,2023,5.0,0.22,0.0
flexible_load,2023,5.0,0.24,0.0
flexible_load,2023,5.0,0.26,0.0
flexible_load,2023,5.0,0.28,0.0
flexible_load,2023,5.0,0.3,0.0
flexible_load,2023,5.0,0.32,0.0
flexible_load,2023,5.0,0.34,0.0
flexible_load,2023,5.0,0.36,0.0
flexible_load,2023,5.0,0.38,0.0
flexible_load,2023,5.0,0.4,0.0
flexible_load,2023,5.0,0.42,0.0
flexible_load,2023,5.0,0.44,0.0
flexible_load,2023,5.0,0.46,0.0
flexible_load,2023,5.0,0.48,0.0
flexible_load,2023,5.0,0.5,0.0
flexible_load,2023,5.0,0.52,0.0
flexible_load,2023,5.0,0.54,0.0
flexible_load,2023,5.0,0.56,0.0
flexible_load,2023,5.0,0.58,0.0
flexible_load,2023,5.0,0.6,0.0
flexible_load,2023,5.0,0.62,0.0
flexible_load,2023,5.0,0.64,0.0
flexible_load,2023,5.0,0.66,0.0
flexible_load,2023,5.0,0.68,0.0
flexible_load,2023,5.0,0.7,0.0
flexible_load,2023,5.0,0.72,0.0
flexible_load,2023,5.0,0.74,0.0
flexible_load,2023,5.0,0.76,0.0
flexible_load,2023,5.0,0.78,0.0
flexible_load,2023,5.0,0.8,0.0
flexible_load,2023,5.0,0.82,0.0
flexible_load,2023,5.0,0.84,0.0
flexible_load,2023,5.0,0.86,0.0
flexible_load,2023,5.0,0.88,0.0
flexible_load,2023,5.0,0.9,0.0
flexible_load,2023,5.0,0.92,0.0
flexible_load,2023,5.0,0.94,0.0
flexible_load,2023,5.0,0.96,0.0
flexible_load,2023,5.0,0.98,0.0
flexible_load,2023,5.0,1.0,0.0
flexible_load,2023,5.0,1.1,0.0
flexible_load,2023,5.0,1.2,0.0
flexible_load,2023,5.0,1.3,0.0
flexible_load,2023,5.0,1.4,0.0
flexible_load,2023,5.0,1.5,0.0
flexible_load,2023,5.0,1.6,0.0
flexible_load,2023,5.0,1.7,0.0
flexible_load,2023,5.0,1.8,0.0
flexible_load,2023,5.0,1.9,0.0
flexible_load,2023,5.0,2.0,0.0
flexible_load,2023,5.0,2.1,0.0
flexible_load,2023,5.0,2.2,0.0
flexible_load,2023,5.0,2.3,0.0
flexible_load,2023,5.0,2.4,0.0
flexible_load,2023,5.0,2.5,0.0
flexible_load,2023,5.0,2.6,0.0
flexible_load,2023,5.0,2.7,0.0
flexible_load,2023,5.0,2.8,0.0
flexible_load,2023,5.0,2.9,0.0
flexible_load,2023,5.0,3.0,0.0
flexible_load,2023,5.0,3.1,0.0
flexible_load,2023,5.0,3.2,0.0
flexible_load,2023,5.0,3.3,0.0
flexible_load,2023,5.0,3.4,0.0
flexible_load,2023,5.0,3.5,0.0
flexible_load,2023,5.0,3.6,0.0
flexible_load,2023,5.0,3.7,0.0
flexible_load,2023,5.0,3.8,0.0
flexible_load,2023,5.0,3.9,0.0
flexible_load,2023,5.0,4.0,0.0
flexible_load,2023,5.0,4.1,0.0
flexible_load,2023,5.0,4.2,0.0
flexible_load,2023,5.0,4.3,0.0
flexible_load,2023,5.0,4.4,0.0
flexible_load,2023,5.0,4.5,0.0
flexible_load,2023,5.0,4.6,0.0
flexible_load,2023,5.0,4.7,0.0
flexible_load,2023,5.0,4.8,0.0
flexible_load,2023,5.0,4.9,0.0
flexible_load,2023,5.0,5.0,0.0
flexible_load,2023,5.0,5.1,0.0
flexible_load,2023,5.0,5.2,0.0
flexible_load,2023,5.0,5.3,0.0
flexible_load,2023,5.0,5.4,0.0
flexible_load,2023,5.0,5.5,0.0
flexible_load,2023,5.0,5.6,0.0
flexible_load,2023,5.0,5.7,0.0
flexible_load,2023,5.0,5.8,0.0
flexible_load,2023,5.0,5.9,0.0
flexible_load,2023,5.0,6.0,0.0
flexible_load,2023,5.0,6.1,0.0
flexible_load,2023,5.0,6.2,0.0
flexible_load,2023,5.0,6.3,0.0
flexible_load,2023,5.0,6.4,0.0
flexible_load,2023,5.0,6.5,0.0
flexible_load,2023,5.0,6.6,0.0
flexible_load,2023,5.0,6.7,0.0
flexible_load,2023,5.0,6.8,0.0
flexible_load,2023,5.0,6.9,0.0
flexible_load,2023,5.0,7.0,0.0
flexible_load,2023,5.0,7.1,0.0
flexible_load,2023,5.0,7.2,0.0
flexible_load,2023,5.0,7.3,0.0
flexible_load,2023,5.0,7.4,0.0
flexible_load,2023,5.0,7.5,0.0
flexible_load,2023,5.0,7.6,0.0
flexible_load,2023,5.0,7.7,0.0
flexible_load,2023,5.0,7.8,0.0
flexible_load,2023,5.0,7.9,0.0
flexible_load,2023,5.0,8.0,0.0
flexible_load,2023,15.0,0.02,-0.7730496453900708
flexible_load,2023,15.0,0.04,0.0
flexible_load,2023,15.0,0.06,0.0
flexible_load,2023,15.0,0.08,0.0
flexible_load,2023,15.0,0.1,0.0
flexible_load,2023,15.0,0.12,0.0
flexible_load,2023,15.0,0.14,0.0
flexible_load,2023,15.0,0.16,0.0
flexible_load,2023,15.0,0.18,0.0
flexible_load,2023,15.0,0.2,0.0
flexible_load,2023,15.0,0.22,0.0
flexible_load,2023,15.0,0.24,0.0
flexible_load,2023,15.0,0.26,0.0
flexible_load,2023,15.0,0.28,0.0
flexible_load,2023,15.0,0.3,0.0
flexible_load,2023,15.0,0.32,0.0
flexible_load,2023,15.0,0.34,0.0
flexible_load,2023,15.0,0.36,0.0
flexible_load,2023,15.0,0.38,0.0
flexible_load,2023,15.0,0.4,0.0
flexible_load,2023,15.0,0.42,0.0
flexible_load,2023,15.0,0.44,0.0
flexible_load,2023,15.0,0.46,0.0
flexible_load,2023,15.0,0.48,0.0
flexible_load,2023,15.0,0.5,0.0
flexible_load,2023,15.0,0.52,0.0
flexible_load,2023,15.0,0.54,0.0
flexible_load,2023,15.0,0.56,0.0
flexible_load,2023,15.0,0.58,0.0
flexible_load,2023,15.0,0.6,0.0
flexible_load,2023,15.0,0.62,0.0
flexible_load,2023,15.0,0.64,0.0
flexible_load,2023,15.0,0.66,0.0
flexible_load,2023,15.0,0.68,0.0
flexible_load,2023,15.0,0.7,0.0
flexible_load,2023,15.0,0.72,0.0
flexible_load,2023,15.0,0.74,0.0
flexible_load,2023,15.0,0.76,0.0
flexible_load,2023,15.0,0.78,0.0
flexible_load,2023,15.0,0.8,0.0
flexible_load,2023,15.0,0.82,0.0
flexible_load,2023,15.0,0.84,0.0
flexible_load,2023,15.0,0.86,0.0
flexible_load,2023,15.0,0.88,0.0
flexible_load,2023,15.0,0.9,0.0
flexible_load,2023,15.0,0.92,0.0
flexible_load,2023,15.0,0.94,0.0
flexible_load,2023,15.0,0.96,0.0
flexible_load,2023,15.0,0.98,0.0
flexible_load,2023,15.0,1.0,0.0
flexible_load,2023,15.0,1.1,0.0
flexible_load,2023,15.0,1.2,0.0
flexible_load,2023,15.0,1.3,0.0
flexible_load,2023,15.0,1.4,0.0
flexible_load,2023,15.0,1.5,0.0
flexible_load,2023,15.0,1.6,0.0
flexible_load,2023,15.0,1.7,0.0
flexible_load,2023,15.0,1.8,0.0
flexible_load,2023,15.0,1.9,0.0
flexible_load,2023,15.0,2.0,0.0
flexible_load,2023,15.0,2.1,0.0
flexible_load,2023,15.0,2.2,0.0
flexible_load,2023,15.0,2.3,0.0
flexible_load,2023,15.0,2.4,0.0
flexible_load,2023,15.0,2.5,0.0
flexible_load,2023,15.0,2.6,0.0
flexible_load,2023,15.0,2.7,0.0
flexible_load,2023,15.0,2.8,0.0
flexible_load,2023,15.0,2.9,0.0
flexible_load,2023,15.0,3.0,0.0
flexible_load,2023,15.0,3.1,0.0
flexible_load,2023,15.0,3.2,0.0
flexible_load,2023,15.0,3.3,0.0
flexible_load,2023,15.0,3.4,0.0
flexible_load,2023,15.0,3.5,0.0
flexible_load,2023,15.0,3.6,0.0
flexible_load,2023,15.0,3.7,0.0
flexible_load,2023,15.0,3.8,0.0
flexible_load,2023,15.0,3.9,0.0
flexible_load,2023,15.0,4.0,0.0
flexible_load,2023,15.0,4.1,0.0
flexible_load,2023,15.0,4.2,0.0
flexible_load,2023,15.0,4.3,0.0
flexible_load,2023,15.0,4.4,0.0
flexible_load,2023,15.0,4.5,0.0
flexible_load,2023,15.0,4.6,0.0
flexible_load,2023,15.0,4.7,0.0
flexible_load,2023,15.0,4.8,0.0
flexible_load,2023,15.0,4.9,0.0
flexible_load,2023,15.0,5.0,0.0
flexible_load,2023,15.0,5.1,0.0
flexible_load,2023,15.0,5.2,0.0
flexible_load,2023,15.0,5.3,0.0
flexible_load,2023,15.0,5.4,0.0
flexible_load,2023,15.0,5.5,0.0
flexible_load,2023,15.0,5.6,0.0
flexible_load,2023,15.0,5.7,0.0
flexible_load,2023,15.0,5.8,0.0
flexible_load,2023,15.0,5.9,0.0
flexible_load,2023,15.0,6.0,0.0
flexible_load,2023,15.0,6.1,0.0
flexible_load,2023,15.0,6.2,0.0
flexible_load,2023,15.0,6.3,0.0
flexible_load,2023,15.0,6.4,0.0
flexible_load,2023,15.0,6.5,0.0
flexible_load,2023,15.0,6.6,0.0
flexible_load,2023,15.0,6.7,0.0
flexible_load,2023,15.0,6.8,0.0
flexible_load,2023,15.0,6.9,0.0
flexible_load,2023,15.0,7.0,0.0
flexible_load,2023,15.0,7.1,0.0
flexible_load,2023,15.0,7.2,0.0
flexible_load,2023,15.0,7.3,0.0
flexible_load,2023,15.0,7.4,0.0
flexible_load,2023,15.0,7.5,0.0
flexible_load,2023,15.0,7.6,0.0
flexible_load,2023,15.0,7.7,0.0
flexible_load,2023,15.0,7.8,0.0
flexible_load,2023,15.0,7.9,0.0
flexible_load,2023,15.0,8.0,0.0
premium_generator,2024,40.0,0.02,-0.47564026206075005
premium_generator,2024,40.0,0.04,0.25991661703394886
premium_generator,2024,40.0,0.06,0.35917737789203086
premium_generator,2024,40.0,0.08,0.3572236503856042
premium_generator,2024,40.0,0.1,0.35526992287917747
premium_generator,2024,40.0,0.12,0.3533161953727507
premium_generator,2024,40.0,0.14,0.35136246786632397
premium_generator,2024,40.0,0.16,0.3494087403598972
premium_generator,2024,40.0,0.18,0.3474550128534706
premium_generator,2024,40.0,0.2,0.3455012853470437
premium_generator,2024,40.0,0.22,0.3435475578406171
premium_generator,2024,40.0,0.24,0.34159383033419033
premium_generator,2024,40.0,0.26,0.3396401028277636
premium_generator,2024,40.0,0.28,0.33768637532133683
premium_generator,2024,40.0,0.3,0.3357326478149101
premium_generator,2024,40.0,0.32,0.33377892030848344
premium_generator,2024,40.0,0.34,0.3318251928020566
premium_generator,2024,40.0,0.36,0.32987146529562983
premium_generator,2024,40.0,0.38,0.3279177377892032
premium_generator,2024,40.0,0.4,0.32596401028277644
premium_generator,2024,40.0,0.42,0.3240102827763497
premium_generator,2024,40.0,0.44,0.32205655526992294
premium_generator,2024,40.0,0.46,0.3201028277634962
premium_generator,2024,40.0,0.48,0.31814910025706955
premium_generator,2024,40.0,0.5,0.3161953727506427
premium_generator,2024,40.0,0.52,0.31424164524421605
premium_generator,2024,40.0,0.54,0.3122879177377893
premium_generator,2024,40.0,0.56,0.31033419023136255
premium_generator,2024,40.0,0.58,0.3083804627249358
premium_generator,2024,40.0,0.6,0.30642673521850905
premium_generator,2024,40.0,0.62,0.3044730077120824
premium_generator,2024,40.0,0.64,0.30251928020565555
premium_generator,2024,40.0,0.66,0.3005655526992288
premium_generator,2024,40.0,0.68,0.29861182519280216
premium_generator,2024,40.0,0.7,0.2966580976863754
premium_generator,2024,40.0,0.72,0.29470437017994866
premium_generator,2024,40.0,0.74,0.292750642673522
premium_generator,2024,40.0,0.76,0.29079691516709516
premium_generator,2024,40.0,0.78,0.2888431876606684
premium_generator,2024,40.0,0.8,0.28688946015424166
premium_generator,2024,40.0,0.82,0.284935732647815
premium_generator,2024,40.0,0.84,0.28298200514138827
premium_generator,2024,40.0,0.86,0.2810282776349615
premium_generator,2024,40.0,0.88,0.2790745501285349
premium_generator,2024,40.0,0.9,0.27712082262210813
premium_generator,2024,40.0,0.92,0.27516709511568127
premium_generator,2024,40.0,0.94,0.2732133676092545
premium_generator,2024,40.0,0.96,0.27125964010282777
premium_generator,2024,40.0,0.98,0.26930591259640113
premium_generator,2024,40.0,1.0,0.2673521850899744
premium_generator,2024,40.0,1.1,0.25758354755784063
premium_generator,2024,40.0,1.2,0.2478149100257071
premium_generator,2024,40.0,1.3,0.23804627249357335
premium_generator,2024,40.0,1.4,0.2282776349614396
premium_generator,2024,40.0,1.5,0.21850899742930607
premium_generator,2024,40.0,1.6,0.20874035989717232
premium_generator,2024,40.0,1.7,0.19897172236503857
premium_generator,2024,40.0,1.8,0.18920308483290482
premium_generator,2024,40.0,1.9,0.1794344473007713
premium_generator,2024,40.0,2.0,0.16966580976863754
premium_generator,2024,40.0,2.1,0.15989717223650401
premium_generator,2024,40.0,2.2,0.15012853470437026
premium_generator,2024,40.0,2.3,0.14035989717223651
premium_generator,2024,40.0,2.4,0.13059125964010299
premium_generator,2024,40.0,2.5,0.12082262210796924
premium_generator,2024,40.0,2.6,0.11105398457583548
premium_generator,2024,40.0,2.7,0.10128534704370196
premium_generator,2024,40.0,2.8,0.0915167095115682
premium_generator,2024,40.0,2.9,0.08174807197943446
premium_generator,2024,40.0,3.0,0.0719794344473007
premium_generator,2024,40.0,3.1,0.06221079691516718
premium_generator,2024,40.0,3.2,0.052442159383033427
premium_generator,2024,40.0,3.3,0.0426735218508999
premium_generator,2024,40.0,3.4,0.03290488431876615
premium_generator,2024,40.0,3.5,0.023136246786632397
premium_generator,2024,40.0,3.6,0.013367609254498647
premium_generator,2024,40.0,3.7,0.0035989717223651185
premium_generator,2024,40.0,3.8,-0.006169665809768521
premium_generator,2024,40.0,3.9,-0.01593830334190227
premium_generator,2024,40.0,4.0,-0.02570694087403602
premium_generator,2024,40.0,4.1,-0.03547557840616955
premium_generator,2024,40.0,4.2,-0.0452442159383033
premium_generator,2024,40.0,4.3,-0.05501285347043705
premium_generator,2024,40.0,4.4,-0.06478149100257058
premium_generator,2024,40.0,4.5,-0.07455012853470433
premium_generator,2024,40.0,4.6,-0.08431876606683808
premium_generator,2024,40.0,4.7,-0.09408740359897161
premium_generator,2024,40.0,4.8,-0.10385604113110536
premium_generator,2024,40.0,4.9,-0.11362467866323911
premium_generator,2024,40.0,5.0,-0.12339331619537264
premium_generator,2024,40.0,5.1,-0.1331619537275064
premium_generator,2024,40.0,5.2,-0.14293059125964014
premium_generator,2024,40.0,5.3,-0.15269922879177367
premium_generator,2024,40.0,5.4,-0.16246786632390742
premium_generator,2024,40.0,5.5,-0.17223650385604117
premium_generator,2024,40.0,5.6,-0.1820051413881747
premium_generator,2024,40.0,5.7,-0.19177377892030845
premium_generator,2024,40.0,5.8,-0.2015424164524422
premium_generator,2024,40.0,5.9,-0.21131105398457573
premium_generator,2024,40.0,6.0,-0.22107969151670948
premium_generator,2024,40.0,6.1,-0.230848329048843
premium_generator,2024,40.0,6.2,-0.24061696658097675
premium_generator,2024,40.0,6.3,-0.2503856041131105
premium_generator,2024,40.0,6.4,-0.26015424164524426
premium_generator,2024,40.0,6.5,-0.2699228791773778
premium_generator,2024,40.0,6.6,-0.27969151670951153
premium_generator,2024,40.0,6.7,-0.2894601542416453
premium_generator,2024,40.0,6.8,-0.2992287917737788
premium_generator,2024,40.0,6.9,-0.30899742930591256
premium_generator,2024,40.0,7.0,-0.3187660668380463
premium_generator,2024,40.0,7.1,-0.32853470437017984
premium_generator,2024,40.0,7.2,-0.3383033419023136
premium_generator,2024,40.0,7.3,-0.3480719794344471
premium_generator,2024,40.0,7.4,-0.35784061696658087
premium_generator,2024,40.0,7.5,-0.3676092544987146
premium_generator,2024,40.0,7.6,-0.37737789203084837
premium_generator,2024,40.0,7.7,-0.3871465295629819
premium_generator,2024,40.0,7.8,-0.39691516709511565
premium_generator,2024,40.0,7.9,-0.4066838046272494
premium_generator,2024,40.0,8.0,-0.41645244215938293
premium_generator,2024,60.0,0.02,-1.3168552709946395
premium_generator,2024,60.0,0.04,-0.15842763549731975
premium_generator,2024,60.0,0.06,0.0
premium_generator,2024,60.0,0.08,0.0
premium_generator,2024,60.0,0.1,0.0
premium_generator,2024,60.0,0.12,0.0
premium_generator,2024,60.0,0.14,0.0
premium_generator,2024,60.0,0.16,0.0
premium_generator,2024,60.0,0.18,0.0
premium_generator,2024,60.0,0.2,0.0
premium_generator,2024,60.0,0.22,0.0
premium_generator,2024,60.0,0.24,0.0
premium_generator,2024,60.0,0.26,0.0
premium_generator,2024,60.0,0.28,0.0
premium_generator,2024,60.0,0.3,0.0
premium_generator,2024,60.0,0.32,0.0
premium_generator,2024,60.0,0.34,0.0
premium_generator,2024,60.0,0.36,0.0
premium_generator,2024,60.0,0.38,0.0
premium_generator,2024,60.0,0.4,0.0
premium_generator,2024,60.0,0.42,0.0
premium_generator,2024,60.0,0.44,0.0
premium_generator,2024,60.0,0.46,0.0
premium_generator,2024,60.0,0.48,0.0
premium_generator,2024,60.0,0.5,0.0
premium_generator,2024,60.0,0.52,0.0
premium_generator,2024,60.0,0.54,0.0
premium_generator,2024,60.0,0.56,0.0
premium_generator,2024,60.0,0.58,0.0
premium_generator,2024,60.0,0.6,0.0
premium_generator,2024,60.0,0.62,0.0
premium_generator,2024,60.0,0.64,0.0
premium_generator,2024,60.0,0.66,0.0
premium_generator,2024,60.0,0.68,0.0
premium_generator,2024,60.0,0.7,0.0
premium_generator,2024,60.0,0.72,0.0
premium_generator,2024,60.0,0.74,0.0
premium_generator,2024,60.0,0.76,0.0
premium_generator,2024,60.0,0.78,0.0
premium_generator,2024,60.0,0.8,0.0
premium_generator,2024,60.0,0.82,0.0
premium_generator,2024,60.0,0.84,0.0
premium_generator,2024,60.0,0.86,0.0
premium_generator,2024,60.0,0.88,0.0
premium_generator,2024,60.0,0.9,0.0
premium_generator,2024,60.0,0.92,0.0
premium_generator,2024,60.0,0.94,0.0
premium_generator,2024,60.0,0.96,0.0
premium_generator,2024,60.0,0.98,0.0
premium_generator,2024,60.0,1.0,0.0
premium_generator,2024,60.0,1.1,0.0
premium_generator,2024,60.0,1.2,0.0
premium_generator,2024,60.0,1.3,0.0
premium_generator,2024,60.0,1.4,0.0
premium_generator,2024,60.0,1.5,0.0
premium_generator,2024,60.0,1.6,0.0
premium_generator,2024,60.0,1.7,0.0
premium_generator,2024,60.0,1.8,0.0
premium_generator,2024,60.0,1.9,0.0
premium_generator,2024,60.0,2.0,0.0
premium_generator,2024,60.0,2.1,0.0
premium_generator,2024,60.0,2.2,0.0
premium_generator,2024,60.0,2.3,0.0
premium_generator,2024,60.0,2.4,0.0
premium_generator,2024,60.0,2.5,0.0
premium_generator,2024,60.0,2.6,0.0
premium_generator,2024,60.0,2.7,0.0
premium_generator,2024,60.0,2.8,0.0
premium_generator,2024,60.0,2.9,0.0
premium_generator,2024,60.0,3.0,0.0
premium_generator,2024,60.0,3.1,0.0
premium_generator,2024,60.0,3.2,0.0
premium_generator,2024,60.0,3.3,0.0
premium_generator,2024,60.0,3.4,0.0
premium_generator,2024,60.0,3.5,0.0
premium_generator,2024,60.0,3.6,0.0
premium_generator,2024,60.0,3.7,0.0
premium_generator,2024,60.0,3.8,0.0
premium_generator,2024,60.0,3.9,0.0
premium_generator,2024,60.0,4.0,0.0
premium_generator,2024,60.0,4.1,0.0
premium_generator,2024,60.0,4.2,0.0
premium_generator,2024,60.0,4.3,0.0
premium_generator,2024,60.0,4.4,0.0
premium_generator,2024,60.0,4.5,0.0
premium_generator,2024,60.0,4.6,0.0
premium_generator,2024,60.0,4.7,0.0
premium_generator,2024,60.0,4.8,0.0
premium_generator,2024,60.0,4.9,0.0
premium_generator,2024,60.0,5.0,0.0
premium_generator,2024,60.0,5.1,0.0
premium_generator,2024,60.0,5.2,0.0
premium_generator,2024,60.0,5.3,0.0
premium_generator,2024,60.0,5.4,0.0
premium_generator,2024,60.0,5.5,0.0
premium_generator,2024,60.0,5.6,0.0
premium_generator,2024,60.0,5.7,0.0
premium_generator,2024,60.0,5.8,0.0
premium_generator,2024,60.0,5.9,0.0
premium_generator,2024,60.0,6.0,0.0
premium_generator,2024,60.0,6.1,0.0
premium_generator,2024,60.0,6.2,0.0
premium_generator,2024,60.0,6.3,0.0
premium_generator,2024,60.0,6.4,0.0
premium_generator,2024,60.0,6.5,0.0
premium_generator,2024,60.0,6.6,0.0
premium_generator,2024,60.0,6.7,0.0
premium_generator,2024,60.0,6.8,0.0
premium_generator,2024,60.0,6.9,0.0
premium_generator,2024,60.0,7.0,0.0
premium_generator,2024,60.0,7.1,0.0
premium_generator,2024,60.0,7.2,0.0
premium_generator,2024,60.0,7.3,0.0
premium_generator,2024,60.0,7.4,0.0
premium_generator,2024,60.0,7.5,0.0
premium_generator,2024,60.0,7.6,0.0
premium_generator,2024,60.0,7.7,0.0
premium_generator,2024,60.0,7.8,0.0
premium_generator,2024,60.0,7.9,0.0
premium_generator,2024,60.0,8.0,0.0
premium_generator,2024,90.0,0.02,-1.3168552709946395
premium_generator,2024,90.0,0.04,-0.15842763549731975
premium_generator,2024,90.0,0.06,0.0
premium_generator,2024,90.0,0.08,0.0
premium_generator,2024,90.0,0.1,0.0
premium_generator,2024,90.0,0.12,0.0
premium_generator,2024,90.0,0.14,0.0
premium_generator,2024,90.0,0.16,0.0
premium_generator,2024,90.0,0.18,0.0
premium_generator,2024,90.0,0.2,0.0
premium_generator,2024,90.0,0.22,0.0
premium_generator,2024,90.0,0.24,0.0
premium_generator,2024,90.0,0.26,0.0
premium_generator,2024,90.0,0.28,0.0
premium_generator,2024,90.0,0.3,0.0
premium_generator,2024,90.0,0.32,0.0
premium_generator,2024,90.0,0.34,0.0
premium_generator,2024,90.0,0.36,0.0
premium_generator,2024,90.0,0.38,0.0
premium_generator,2024,90.0,0.4,0.0
premium_generator,2024,90.0,0.42,0.0
premium_generator,2024,90.0,0.44,0.0
premium_generator,2024,90.0,0.46,0.0
premium_generator,2024,90.0,0.48,0.0
premium_generator,2024,90.0,0.5,0.0
premium_generator,2024,90.0,0.52,0.0
premium_generator,2024,90.0,0.54,0.0
premium_generator,2024,90.0,0.56,0.0
premium_generator,2024,90.0,0.58,0.0
premium_generator,2024,90.0,0.6,0.0
premium_generator,2024,90.0,0.62,0.0
premium_generator,2024,90.0,0.64,0.0
premium_generator,2024,90.0,0.66,0.0
premium_generator,2024,90.0,0.68,0.0
premium_generator,2024,90.0,0.7,0.0
premium_generator,2024,90.0,0.72,0.0
premium_generator,2024,90.0,0.74,0.0
premium_generator,2024,90.0,0.76,0.0
premium_generator,2024,90.0,0.78,0.0
premium_generator,2024,90.0,0.8,0.0
premium_generator,2024,90.0,0.82,0.0
premium_generator,2024,90.0,0.84,0.0
premium_generator,2024,90.0,0.86,0.0
premium_generator,2024,90.0,0.88,0.0
premium_generator,2024,90.0,0.9,0.0
premium_generator,2024,90.0,0.92,0.0
premium_generator,2024,90.0,0.94,0.0
premium_generator,2024,90.0,0.96,0.0
premium_generator,2024,90.0,0.98,0.0
premium_generator,2024,90.0,1.0,0.0
premium_generator,2024,90.0,1.1,0.0
premium_generator,2024,90.0,1.2,0.0
premium_generator,2024,90.0,1.3,0.0
premium_generator,2024,90.0,1.4,0.0
premium_generator,2024,90.0,1.5,0.0
premium_generator,2024,90.0,1.6,0.0
premium_generator,2024,90.0,1.7,0.0
premium_generator,2024,90.0,1.8,0.0
premium_generator,2024,90.0,1.9,0.0
premium_generator,2024,90.0,2.0,0.0
premium_generator,2024,90.0,2.1,0.0
premium_generator,2024,90.0,2.2,0.0
premium_generator,2024,90.0,2.3,0.0
premium_generator,2024,90.0,2.4,0.0
premium_generator,2024,90.0,2.5,0.0
premium_generator,2024,90.0,2.6,0.0
premium_generator,2024,90.0,2.7,0.0
premium_generator,2024,90.0,2.8,0.0
premium_generator,2024,90.0,2.9,0.0
premium_generator,2024,90.0,3.0,0.0
premium_generator,2024,90.0,3.1,0.0
premium_generator,2024,90.0,3.2,0.0
premium_generator,2024,90.0,3.3,0.0
premium_generator,2024,90.0,3.4,0.0
premium_generator,2024,90.0,3.5,0.0
premium_generator,2024,90.0,3.6,0.0
premium_generator,2024,90.0,3.7,0.0
premium_generator,2024,90.0,3.8,0.0
premium_generator,2024,90.0,3.9,0.0
premium_generator,2024,90.0,4.0,0.0
premium_generator,2024,90.0,4.1,0.0
premium_generator,2024,90.0,4.2,0.0
premium_generator,2024,90.0,4.3,0.0
premium_generator,2024,90.0,4.4,0.0
premium_generator,2024,90.0,4.5,0.0
premium_generator,2024,90.0,4.6,0.0
premium_generator,2024,90.0,4.7,0.0
premium_generator,2024,90.0,4.8,0.0
premium_generator,2024,90.0,4.9,0.0
premium_generator,2024,90.0,5.0,0.0
premium_generator,2024,90.0,5.1,0.0
premium_generator,2024,90.0,5.2,0.0
premium_generator,2024,90.0,5.3,0.0
premium_generator,2024,90.0,5.4,0.0
premium_generator,2024,90.0,5.5,0.0
premium_generator,2024,90.0,5.6,0.0
premium_generator,2024,90.0,5.7,0.0
premium_generator,2024,90.0,5.8,0.0
premium_generator,2024,90.0,5.9,0.0
premium_generator,2024,90.0,6.0,0.0
premium_generator,2024,90.0,6.1,0.0
premium_generator,2024,90.0,6.2,0.0
premium_generator,2024,90.0,6.3,0.0
premium_generator,2024,90.0,6.4,0.0
premium_generator,2024,90.0,6.5,0.0
premium_generator,2024,90.0,6.6,0.0
premium_generator,2024,90.0,6.7,0.0
premium_generator,2024,90.0,6.8,0.0
premium_generator,2024,90.0,6.9,0.0
premium_generator,2024,90.0,7.0,0.0
premium_generator,2024,90.0,7.1,0.0
premium_generator,2024,90.0,7.2,0.0
premium_generator,2024,90.0,7.3,0.0
premium_generator,2024,90.0,7.4,0.0
premium_generator,2024,90.0,7.5,0.0
premium_generator,2024,90.0,7.6,0.0
premium_generator,2024,90.0,7.7,0.0
premium_generator,2024,90.0,7.8,0.0
premium_generator,2024,90.0,7.9,0.0
premium_generator,2024,90.0,8.0,0.0
flexible_load,2024,0.0,0.02,-0.7566950882670829
flexible_load,2024,0.0,0.04,0.11997117809535263
flexible_load,2024,0.0,0.06,0.3573741794310722
flexible_load,2024,0.0,0.08,0.35614879649890585
flexible_load,2024,0.0,0.1,0.3549234135667396
flexible_load,2024,0.0,0.12,0.3536980306345734
flexible_load,2024,0.0,0.14,0.35247264770240705
flexible_load,2024,0.0,0.16,0.3512472647702407
flexible_load,2024,0.0,0.18,0.35002188183807437
flexible_load,2024,0.0,0.2,0.34879649890590814
flexible_load,2024,0.0,0.22,0.3475711159737418
flexible_load,2024,0.0,0.24,0.34634573304157557
flexible_load,2024,0.0,0.26,0.3451203501094091
flexible_load,2024,0.0,0.28,0.3438949671772429
flexible_load,2024,0.0,0.3,0.34266958424507665
flexible_load,2024,0.0,0.32,0.3414442013129103
flexible_load,2024,0.0,0.34,0.3402188183807441
flexible_load,2024,0.0,0.36,0.33899343544857763
flexible_load,2024,0.0,0.38,0.3377680525164114
flexible_load,2024,0.0,0.4,0.33654266958424506
flexible_load,2024,0.0,0.42,0.3353172866520788
flexible_load,2024,0.0,0.44,0.3340919037199126
flexible_load,2024,0.0,0.46,0.33286652078774615
flexible_load,2024,0.0,0.48,0.3316411378555799
flexible_load,2024,0.0,0.5,0.3304157549234136
flexible_load,2024,0.0,0.52,0.32919037199124734
flexible_load,2024,0.0,0.54,0.3279649890590809
flexible_load,2024,0.0,0.56,0.32673960612691466
flexible_load,2024,0.0,0.58,0.3255142231947483
flexible_load,2024,0.0,0.6,0.3242888402625821
flexible_load,2024,0.0,0.62,0.32306345733041586
flexible_load,2024,0.0,0.64,0.3218380743982494
flexible_load,2024,0.0,0.66,0.3206126914660832
flexible_load,2024,0.0,0.68,0.31938730853391684
flexible_load,2024,0.0,0.7,0.3181619256017506
flexible_load,2024,0.0,0.72,0.31693654266958426
flexible_load,2024,0.0,0.74,0.3157111597374179
flexible_load,2024,0.0,0.76,0.3144857768052516
flexible_load,2024,0.0,0.78,0.31326039387308535
flexible_load,2024,0.0,0.8,0.3120350109409191
flexible_load,2024,0.0,0.82,0.3108096280087528
flexible_load,2024,0.0,0.84,0.30958424507658644
flexible_load,2024,0.0,0.86,0.3083588621444201
flexible_load,2024,0.0,0.88,0.30713347921225387
flexible_load,2024,0.0,0.9,0.3059080962800875
flexible_load,2024,0.0,0.92,0.3046827133479213
flexible_load,2024,0.0,0.94,0.30345733041575484
flexible_load,2024,0.0,0.96,0.3022319474835886
flexible_load,2024,0.0,0.98,0.3010065645514223
flexible_load,2024,0.0,1.0,0.29978118161925604
flexible_load,2024,0.0,1.1,0.29365426695842456
flexible_load,2024,0.0,1.2,0.2875273522975931
flexible_load,2024,0.0,1.3,0.2814004376367615
flexible_load,2024,0.0,1.4,0.27527352297593
flexible_load,2024,0.0,1.5,0.2691466083150985
flexible_load,2024,0.0,1.6,0.26301969365426703
flexible_load,2024,0.0,1.7,0.25689277899343554
flexible_load,2024,0.0,1.8,0.25076586433260395
flexible_load,2024,0.0,1.9,0.24463894967177247
flexible_load,2024,0.0,2.0,0.23851203501094098
flexible_load,2024,0.0,2.1,0.2323851203501095
flexible_load,2024,0.0,2.2,0.2262582056892778
flexible_load,2024,0.0,2.3,0.22013129102844642
flexible_load,2024,0.0,2.4,0.21400437636761493
flexible_load,2024,0.0,2.5,0.20787746170678345
flexible_load,2024,0.0,2.6,0.20175054704595174
flexible_load,2024,0.0,2.7,0.19562363238512037
flexible_load,2024,0.0,2.8,0.18949671772428878
flexible_load,2024,0.0,2.9,0.1833698030634574
flexible_load,2024,0.0,3.0,0.1772428884026258
flexible_load,2024,0.0,3.1,0.17111597374179444
flexible_load,2024,0.0,3.2,0.16498905908096273
flexible_load,2024,0.0,3.3,0.15886214442013136
flexible_load,2024,0.0,3.4,0.15273522975929976
flexible_load,2024,0.0,3.5,0.14660831509846817
flexible_load,2024,0.0,3.6,0.14048140043763668
flexible_load,2024,0.0,3.7,0.1343544857768052
flexible_load,2024,0.0,3.8,0.12822757111597372
flexible_load,2024,0.0,3.9,0.12210065645514223
flexible_load,2024,0.0,4.0,0.11597374179431064
flexible_load,2024,0.0,4.1,0.10984682713347926
flexible_load,2024,0.0,4.2,0.10371991247264767
flexible_load,2024,0.0,4.3,0.09759299781181618
flexible_load,2024,0.0,4.4,0.0914660831509847
flexible_load,2024,0.0,4.5,0.0853391684901531
flexible_load,2024,0.0,4.6,0.07921225382932162
flexible_load,2024,0.0,4.7,0.07308533916849014
flexible_load,2024,0.0,4.8,0.06695842450765865
flexible_load,2024,0.0,4.9,0.06083150984682706
flexible_load,2024,0.0,5.0,0.054704595185995575
flexible_load,2024,0.0,5.1,0.04857768052516409
flexible_load,2024,0.0,5.2,0.04245076586433261
flexible_load,2024,0.0,5.3,0.03632385120350112
flexible_load,2024,0.0,5.4,0.030196936542669528
flexible_load,2024,0.0,5.5,0.024070021881838044
flexible_load,2024,0.0,5.6,0.01794310722100656
flexible_load,2024,0.0,5.7,0.011816192560175076
flexible_load,2024,0.0,5.8,0.005689277899343481
flexible_load,2024,0.0,5.9,-0.0004376367614880028
flexible_load,2024,0.0,6.0,-0.006564551422319376
flexible_load,2024,0.0,6.1,-0.01269146608315097
flexible_load,2024,0.0,6.2,-0.018818380743982566
flexible_load,2024,0.0,6.3,-0.02494529540481394
flexible_load,2024,0.0,6.4,-0.031072210065645534
flexible_load,2024,0.0,6.5,-0.03719912472647713
flexible_load,2024,0.0,6.6,-0.0433260393873085
flexible_load,2024,0.0,6.7,-0.049452954048140096
flexible_load,2024,0.0,6.8,-0.05557986870897147
flexible_load,2024,0.0,6.9,-0.061706783369803286
flexible_load,2024,0.0,7.0,-0.06783369803063466
flexible_load,2024,0.0,7.1,-0.07396061269146603
flexible_load,2024,0.0,7.2,-0.08008752735229763
flexible_load,2024,0.0,7.3,-0.08621444201312922
flexible_load,2024,0.0,7.4,-0.0923413566739606
flexible_load,2024,0.0,7.5,-0.09846827133479219
flexible_load,2024,0.0,7.6,-0.10459518599562356
flexible_load,2024,0.0,7.7,-0.11072210065645516
flexible_load,2024,0.0,7.8,-0.11684901531728653
flexible_load,2024,0.0,7.9,-0.12297592997811835
flexible_load,2024,0.0,8.0,-0.12910284463894972
flexible_load,2024,5.0,0.02,-0.7566950882670829
flexible_load,2024,5.0,0.04,0.11997117809535263
flexible_load,2024,5.0,0.06,0.3573741794310722
flexible_load,2024,5.0,0.08,0.35614879649890585
flexible_load,2024,5.0,0.1,0.3549234135667396
flexible_load,2024,5.0,0.12,0.3536980306345734
flexible_load,2024,5.0,0.14,0.35247264770240705
flexible_load,2024,5.0,0.16,0.3512472647702407
flexible_load,2024,5.0,0.18,0.35002188183807437
flexible_load,2024,5.0,0.2,0.34879649890590814
flexible_load,2024,5.0,0.22,0.3475711159737418
flexible_load,2024,5.0,0.24,0.34634573304157557
flexible_load,2024,5.0,0.26,0.3451203501094091
flexible_load,2024,5.0,0.28,0.3438949671772429
flexible_load,2024,5.0,0.3,0.34266958424507665
flexible_load,2024,5.0,0.32,0.3414442013129103
flexible_load,2024,5.0,0.34,0.3402188183807441
flexible_load,2024,5.0,0.36,0.33899343544857763
flexible_load,2024,5.0,0.38,0.3377680525164114
flexible_load,2024,5.0,0.4,0.33654266958424506
flexible_load,2024,5.0,0.42,0.3353172866520788
flexible_load,2024,5.0,0.44,0.3340919037199126
flexible_load,2024,5.0,0.46,0.33286652078774615
flexible_load,2024,5.0,0.48,0.3316411378555799
flexible_load,2024,5.0,0.5,0.3304157549234136
flexible_load,2024,5.0,0.52,0.32919037199124734
flexible_load,2024,5.0,0.54,0.3279649890590809
flexible_load,2024,5.0,0.56,0.32673960612691466
flexible_load,2024,5.0,0.58,0.3255142231947483
flexible_load,2024,5.0,0.6,0.3242888402625821
flexible_load,2024,5.0,0.62,0.32306345733041586
flexible_load,2024,5.0,0.64,0.3218380743982494
flexible_load,2024,5.0,0.66,0.3206126914660832
flexible_load,2024,5.0,0.68,0.31938730853391684
flexible_load,2024,5.0,0.7,0.3181619256017506
flexible_load,2024,5.0,0.72,0.31693654266958426
flexible_load,2024,5.0,0.74,0.3157111597374179
flexible_load,2024,5.0,0.76,0.3144857768052516
flexible_load,2024,5.0,0.78,0.31326039387308535
flexible_load,2024,5.0,0.8,0.3120350109409191
flexible_load,2024,5.0,0.82,0.3108096280087528
flexible_load,2024,5.0,0.84,0.30958424507658644
flexible_load,2024,5.0,0.86,0.3083588621444201
flexible_load,2024,5.0,0.88,0.30713347921225387
flexible_load,2024,5.0,0.9,0.3059080962800875
flexible_load,2024,5.0,0.92,0.3046827133479213
flexible_load,2024,5.0,0.94,0.30345733041575484
flexible_load,2024,5.0,0.96,0.3022319474835886
flexible_load,2024,5.0,0.98,0.3010065645514223
flexible_load,2024,5.0,1.0,0.29978118161925604
flexible_load,2024,5.0,1.1,0.29365426695842456
flexible_load,2024,5.0,1.2,0.2875273522975931
flexible_load,2024,5.0,1.3,0.2814004376367615
flexible_load,2024,5.0,1.4,0.27527352297593
flexible_load,2024,5.0,1.5,0.2691466083150985
flexible_load,2024,5.0,1.6,0.26301969365426703
flexible_load,2024,5.0,1.7,0.25689277899343554
flexible_load,2024,5.0,1.8,0.25076586433260395
flexible_load,2024,5.0,1.9,0.24463894967177247
flexible_load,2024,5.0,2.0,0.23851203501094098
flexible_load,2024,5.0,2.1,0.2323851203501095
flexible_load,2024,5.0,2.2,0.2262582056892778
flexible_load,2024,5.0,2.3,0.22013129102844642
flexible_load,2024,5.0,2.4,0.21400437636761493
flexible_load,2024,5.0,2.5,0.20787746170678345
flexible_load,2024,5.0,2.6,0.20175054704595174
flexible_load,2024,5.0,2.7,0.19562363238512037
flexible_load,2024,5.0,2.8,0.18949671772428878
flexible_load,2024,5.0,2.9,0.1833698030634574
flexible_load,2024,5.0,3.0,0.1772428884026258
flexible_load,2024,5.0,3.1,0.17111597374179444
flexible_load,2024,5.0,3.2,0.16498905908096273
flexible_load,2024,5.0,3.3,0.15886214442013136
flexible_load,2024,5.0,3.4,0.15273522975929976
flexible_load,2024,5.0,3.5,0.14660831509846817
flexible_load,2024,5.0,3.6,0.14048140043763668
flexible_load,2024,5.0,3.7,0.1343544857768052
flexible_load,2024,5.0,3.8,0.12822757111597372
flexible_load,2024,5.0,3.9,0.12210065645514223
flexible_load,2024,5.0,4.0,0.11597374179431064
flexible_load,2024,5.0,4.1,0.10984682713347926
flexible_load,2024,5.0,4.2,0.10371991247264767
flexible_load,2024,5.0,4.3,0.09759299781181618
flexible_load,2024,5.0,4.4,0.0914660831509847
flexible_load,2024,5.0,4.5,0.0853391684901531
flexible_load,2024,5.0,4.6,0.07921225382932162
flexible_load,2024,5.0,4.7,0.07308533916849014
flexible_load,2024,5.0,4.8,0.06695842450765865
flexible_load,2024,5.0,4.9,0.06083150984682706
flexible_load,2024,5.0,5.0,0.054704595185995575
flexible_load,2024,5.0,5.1,0.04857768052516409
flexible_load,2024,5.0,5.2,0.04245076586433261
flexible_load,2024,5.0,5.3,0.03632385120350112
flexible_load,2024,5.0,5.4,0.030196936542669528
flexible_load,2024,5.0,5.5,0.024070021881838044
flexible_load,2024,5.0,5.6,0.01794310722100656
flexible_load,2024,5.0,5.7,0.011816192560175076
flexible_load,2024,5.0,5.8,0.005689277899343481
flexible_load,2024,5.0,5.9,-0.0004376367614880028
flexible_load,2024,5.0,6.0,-0.006564551422319376
flexible_load,2024,5.0,6.1,-0.01269146608315097
flexible_load,2024,5.0,6.2,-0.018818380743982566
flexible_load,2024,5.0,6.3,-0.02494529540481394
flexible_load,2024,5.0,6.4,-0.031072210065645534
flexible_load,2024,5.0,6.5,-0.03719912472647713
flexible_load,2024,5.0,6.6,-0.0433260393873085
flexible_load,2024,5.0,6.7,-0.049452954048140096
flexible_load,2024,5.0,6.8,-0.05557986870897147
flexible_load,2024,5.0,6.9,-0.061706783369803286
flexible_load,2024,5.0,7.0,-0.06783369803063466
flexible_load,2024,5.0,7.1,-0.07396061269146603
flexible_load,2024,5.0,7.2,-0.08008752735229763
flexible_load,2024,5.0,7.3,-0.08621444201312922
flexible_load,2024,5.0,7.4,-0.0923413566739606
flexible_load,2024,5.0,7.5,-0.09846827133479219
flexible_load,2024,5.0,7.6,-0.10459518599562356
flexible_load,2024,5.0,7.7,-0.11072210065645516
flexible_load,2024,5.0,7.8,-0.11684901531728653
flexible_load,2024,5.0,7.9,-0.12297592997811835
flexible_load,2024,5.0,8.0,-0.12910284463894972
flexible_load,2024,15.0,0.02,-1.7440855049837878
flexible_load,2024,15.0,0.04,-0.3720427524918939
flexible_load,2024,15.0,0.06,0.0
flexible_load,2024,15.0,0.08,0.0
flexible_load,2024,15.0,0.1,0.0
flexible_load,2024,15.0,0.12,0.0
flexible_load,2024,15.0,0.14,0.0
flexible_load,2024,15.0,0.16,0.0
flexible_load,2024,15.0,0.18,0.0
flexible_load,2024,15.0,0.2,0.0
flexible_load,2024,15.0,0.22,0.0
flexible_load,2024,15.0,0.24,0.0
flexible_load,2024,15.0,0.26,0.0
flexible_load,2024,15.0,0.28,0.0
flexible_load,2024,15.0,0.3,0.0
flexible_load,2024,15.0,0.32,0.0
flexible_load,2024,15.0,0.34,0.0
flexible_load,2024,15.0,0.36,0.0
flexible_load,2024,15.0,0.38,0.0
flexible_load,2024,15.0,0.4,0.0
flexible_load,2024,15.0,0.42,0.0
flexible_load,2024,15.0,0.44,0.0
flexible_load,2024,15.0,0.46,0.0
flexible_load,2024,15.0,0.48,0.0
flexible_load,2024,15.0,0.5,0.0
flexible_load,2024,15.0,0.52,0.0
flexible_load,2024,15.0,0.54,0.0
flexible_load,2024,15.0,0.56,0.0
flexible_load,2024,15.0,0.58,0.0
flexible_load,2024,15.0,0.6,0.0
flexible_load,2024,15.0,0.62,0.0
flexible_load,2024,15.0,0.64,0.0
flexible_load,2024,15.0,0.66,0.0
flexible_load,2024,15.0,0.68,0.0
flexible_load,2024,15.0,0.7,0.0
flexible_load,2024,15.0,0.72,0.0
flexible_load,2024,15.0,0.74,0.0
flexible_load,2024,15.0,0.76,0.0
flexible_load,2024,15.0,0.78,0.0
flexible_load,2024,15.0,0.8,0.0
flexible_load,2024,15.0,0.82,0.0
flexible_load,2024,15.0,0.84,0.0
flexible_load,2024,15.0,0.86,0.0
flexible_load,2024,15.0,0.88,0.0
flexible_load,2024,15.0,0.9,0.0
flexible_load,2024,15.0,0.92,0.0
flexible_load,2024,15.0,0.94,0.0
flexible_load,2024,15.0,0.96,0.0
flexible_load,2024,15.0,0.98,0.0
flexible_load,2024,15.0,1.0,0.0
flexible_load,2024,15.0,1.1,0.0
flexible_load,2024,15.0,1.2,0.0
flexible_load,2024,15.0,1.3,0.0
flexible_load,2024,15.0,1.4,0.0
flexible_load,2024,15.0,1.5,0.0
flexible_load,2024,15.0,1.6,0.0
flexible_load,2024,15.0,1.7,0.0
flexible_load,2024,15.0,1.8,0.0
flexible_load,2024,15.0,1.9,0.0
flexible_load,2024,15.0,2.0,0.0
flexible_load,2024,15.0,2.1,0.0
flexible_load,2024,15.0,2.2,0.0
flexible_load,2024,15.0,2.3,0.0
flexible_load,2024,15.0,2.4,0.0
flexible_load,2024,15.0,2.5,0.0
flexible_load,2024,15.0,2.6,0.0
flexible_load,2024,15.0,2.7,0.0
flexible_load,2024,15.0,2.8,0.0
flexible_load,2024,15.0,2.9,0.0
flexible_load,2024,15.0,3.0,0.0
flexible_load,2024,15.0,3.1,0.0
flexible_load,2024,15.0,3.2,0.0
flexible_load,2024,15.0,3.3,0.0
flexible_load,2024,15.0,3.4,0.0
flexible_load,2024,15.0,3.5,0.0
flexible_load,2024,15.0,3.6,0.0
flexible_load,2024,15.0,3.7,0.0
flexible_load,2024,15.0,3.8,0.0
flexible_load,2024,15.0,3.9,0.0
flexible_load,2024,15.0,4.0,0.0
flexible_load,2024,15.0,4.1,0.0
flexible_load,2024,15.0,4.2,0.0
flexible_load,2024,15.0,4.3,0.0
flexible_load,2024,15.0,4.4,0.0
flexible_load,2024,15.0,4.5,0.0
flexible_load,2024,15.0,4.6,0.0
flexible_load,2024,15.0,4.7,0.0
flexible_load,2024,15.0,4.8,0.0
flexible_load,2024,15.0,4.9,0.0
flexible_load,2024,15.0,5.0,0.0
flexible_load,2024,15.0,5.1,0.0
flexible_load,2024,15.0,5.2,0.0
flexible_load,2024,15.0,5.3,0.0
flexible_load,2024,15.0,5.4,0.0
flexible_load,2024,15.0,5.5,0.0
flexible_load,2024,15.0,5.6,0.0
flexible_load,2024,15.0,5.7,0.0
flexible_load,2024,15.0,5.8,0.0
flexible_load,2024,15.0,5.9,0.0
flexible_load,2024,15.0,6.0,0.0
flexible_load,2024,15.0,6.1,0.0
flexible_load,2024,15.0,6.2,0.0
flexible_load,2024,15.0,6.3,0.0
flexible_load,2024,15.0,6.4,0.0
flexible_load,2024,15.0,6.5,0.0
flexible_load,2024,15.0,6.6,0.0
flexible_load,2024,15.0,6.7,0.0
flexible_load,2024,15.0,6.8,0.0
flexible_load,2024,15.0,6.9,0.0
flexible_load,2024,15.0,7.0,0.0
flexible_load,2024,15.0,7.1,0.0
flexible_load,2024,15.0,7.2,0.0
flexible_load,2024,15.0,7.3,0.0
flexible_load,2024,15.0,7.4,0.0
flexible_load,2024,15.0,7.5,0.0
flexible_load,2024,15.0,7.6,0.0
flexible_load,2024,15.0,7.7,0.0
flexible_load,2024,15.0,7.8,0.0
flexible_load,2024,15.0,7.9,0.0
flexible_load,2024,15.0,8.0,0.0
premium_generator,2025,40.0,0.02,-0.752821259555879
premium_generator,2025,40.0,0.04,0.12085911903895175
premium_generator,2025,40.0,0.06,0.4120859119038952
premium_generator,2025,40.0,0.08,0.43706563706563706
premium_generator,2025,40.0,0.1,0.4353281853281853
premium_generator,2025,40.0,0.12,0.43359073359073363
premium_generator,2025,40.0,0.14,0.43185328185328187
premium_generator,2025,40.0,0.16,0.4301158301158301
premium_generator,2025,40.0,0.18,0.42837837837837833
premium_generator,2025,40.0,0.2,0.4266409266409267
premium_generator,2025,40.0,0.22,0.4249034749034749
premium_generator,2025,40.0,0.24,0.42316602316602314
premium_generator,2025,40.0,0.26,0.4214285714285715
premium_generator,2025,40.0,0.28,0.4196911196911197
premium_generator,2025,40.0,0.3,0.41795366795366795
premium_generator,2025,40.0,0.32,0.4162162162162162
premium_generator,2025,40.0,0.34,0.4144787644787645
premium_generator,2025,40.0,0.36,0.41274131274131276
premium_generator,2025,40.0,0.38,0.411003861003861
premium_generator,2025,40.0,0.4,0.4092664092664092
premium_generator,2025,40.0,0.42,0.40752895752895757
premium_generator,2025,40.0,0.44,0.4057915057915058
premium_generator,2025,40.0,0.46,0.40405405405405403
premium_generator,2025,40.0,0.48,0.4023166023166024
premium_generator,2025,40.0,0.5,0.4005791505791506
premium_generator,2025,40.0,0.52,0.39884169884169884
premium_generator,2025,40.0,0.54,0.3971042471042471
premium_generator,2025,40.0,0.56,0.3953667953667954
premium_generator,2025,40.0,0.58,0.39362934362934365
premium_generator,2025,40.0,0.6,0.3918918918918919
premium_generator,2025,40.0,0.62,0.3901544401544401
premium_generator,2025,40.0,0.64,0.38841698841698846
premium_generator,2025,40.0,0.66,0.3866795366795367
premium_generator,2025,40.0,0.68,0.38494208494208493
premium_generator,2025,40.0,0.7,0.38320463320463327
premium_generator,2025,40.0,0.72,0.3814671814671815
premium_generator,2025,40.0,0.74,0.37972972972972974
premium_generator,2025,40.0,0.76,0.37799227799227797
premium_generator,2025,40.0,0.78,0.3762548262548263
premium_generator,2025,40.0,0.8,0.37451737451737455
premium_generator,2025,40.0,0.82,0.3727799227799228
premium_generator,2025,40.0,0.84,0.3710424710424711
premium_generator,2025,40.0,0.86,0.36930501930501936
premium_generator,2025,40.0,0.88,0.3675675675675676
premium_generator,2025,40.0,0.9,0.3658301158301158
premium_generator,2025,40.0,0.92,0.36409266409266405
premium_generator,2025,40.0,0.94,0.3623552123552124
premium_generator,2025,40.0,0.96,0.36061776061776063
premium_generator,2025,40.0,0.98,0.35888030888030886
premium_generator,2025,40.0,1.0,0.3571428571428572
premium_generator,2025,40.0,1.1,0.3484555984555985
premium_generator,2025,40.0,1.2,0.33976833976833976
premium_generator,2025,40.0,1.3,0.33108108108108114
premium_generator,2025,40.0,1.4,0.3223938223938224
premium_generator,2025,40.0,1.5,0.3137065637065638
premium_generator,2025,40.0,1.6,0.3050193050193051
premium_generator,2025,40.0,1.7,0.29633204633204635
premium_generator,2025,40.0,1.8,0.2876447876447876
premium_generator,2025,40.0,1.9,0.278957528957529
premium_generator,2025,40.0,2.0,0.2702702702702703
premium_generator,2025,40.0,2.1,0.26158301158301167
premium_generator,2025,40.0,2.2,0.25289575289575295
premium_generator,2025,40.0,2.3,0.24420849420849422
premium_generator,2025,40.0,2.4,0.2355212355212356
premium_generator,2025,40.0,2.5,0.22683397683397688
premium_generator,2025,40.0,2.6,0.21814671814671815
premium_generator,2025,40.0,2.7,0.20945945945945954
premium_generator,2025,40.0,2.8,0.20077220077220082
premium_generator,2025,40.0,2.9,0.1920849420849421
premium_generator,2025,40.0,3.0,0.18339768339768348
premium_generator,2025,40.0,3.1,0.17471042471042475
premium_generator,2025,40.0,3.2,0.16602316602316614
premium_generator,2025,40.0,3.3,0.1573359073359073
premium_generator,2025,40.0,3.4,0.14864864864864857
premium_generator,2025,40.0,3.5,0.13996138996138985
premium_generator,2025,40.0,3.6,0.13127413127413123
premium_generator,2025,40.0,3.7,0.12258687258687262
premium_generator,2025,40.0,3.8,0.1138996138996139
premium_generator,2025,40.0,3.9,0.10521235521235517
premium_generator,2025,40.0,4.0,0.09652509652509644
premium_generator,2025,40.0,4.1,0.08783783783783783
premium_generator,2025,40.0,4.2,0.0791505791505791
premium_generator,2025,40.0,4.3,0.07046332046332049
premium_generator,2025,40.0,4.4,0.061776061776061764
premium_generator,2025,40.0,4.5,0.05308880308880304
premium_generator,2025,40.0,4.6,0.044401544401544424
premium_generator,2025,40.0,4.7,0.0357142857142857
premium_generator,2025,40.0,4.8,0.027027027027027084
premium_generator,2025,40.0,4.9,0.01833976833976836
premium_generator,2025,40.0,5.0,0.009652509652509633
premium_generator,2025,40.0,5.1,0.0009652509652510188
premium_generator,2025,40.0,5.2,-0.007722007722007929
premium_generator,2025,40.0,5.3,-0.01640926640926632
premium_generator,2025,40.0,5.4,-0.025096525096525157
premium_generator,2025,40.0,5.5,-0.03378378378378377
premium_generator,2025,40.0,5.6,-0.04247104247104261
premium_generator,2025,40.0,5.7,-0.05115830115830122
premium_generator,2025,40.0,5.8,-0.05984555984556006
premium_generator,2025,40.0,5.9,-0.06853281853281867
premium_generator,2025,40.0,6.0,-0.07722007722007729
premium_generator,2025,40.0,6.1,-0.0859073359073359
premium_generator,2025,40.0,6.2,-0.09459459459459474
premium_generator,2025,40.0,6.3,-0.10328185328185313
premium_generator,2025,40.0,6.4,-0.11196911196911197
premium_generator,2025,40.0,6.5,-0.12065637065637058
premium_generator,2025,40.0,6.6,-0.12934362934362942
premium_generator,2025,40.0,6.7,-0.13803088803088803
premium_generator,2025,40.0,6.8,-0.14671814671814687
premium_generator,2025,40.0,6.9,-0.15540540540540548
premium_generator,2025,40.0,7.0,-0.16409266409266432
premium_generator,2025,40.0,7.1,-0.1727799227799227
premium_generator,2025,40.0,7.2,-0.18146718146718155
premium_generator,2025,40.0,7.3,-0.19015444015443994
premium_generator,2025,40.0,7.4,-0.19884169884169878
premium_generator,2025,40.0,7.5,-0.2075289575289574
premium_generator,2025,40.0,7.6,-0.21621621621621623
premium_generator,2025,40.0,7.7,-0.22490347490347484
premium_generator,2025,40.0,7.8,-0.23359073359073368
premium_generator,2025,40.0,7.9,-0.2422779922779923
premium_generator,2025,40.0,8.0,-0.25096525096525113
premium_generator,2025,60.0,0.02,-0.752821259555879
premium_generator,2025,60.0,0.04,0.12085911903895175
premium_generator,2025,60.0,0.06,0.4120859119038952
premium_generator,2025,60.0,0.08,0.43706563706563706
premium_generator,2025,60.0,0.1,0.4353281853281853
premium_generator,2025,60.0,0.12,0.43359073359073363
premium_generator,2025,60.0,0.14,0.43185328185328187
premium_generator,2025,60.0,0.16,0.4301158301158301
premium_generator,2025,60.0,0.18,0.42837837837837833
premium_generator,2025,60.0,0.2,0.4266409266409267
premium_generator,2025,60.0,0.22,0.4249034749034749
premium_generator,2025,60.0,0.24,0.42316602316602314
premium_generator,2025,60.0,0.26,0.4214285714285715
premium_generator,2025,60.0,0.28,0.4196911196911197
premium_generator,2025,60.0,0.3,0.41795366795366795
premium_generator,2025,60.0,0.32,0.4162162162162162
premium_generator,2025,60.0,0.34,0.4144787644787645
premium_generator,2025,60.0,0.36,0.41274131274131276
premium_generator,2025,60.0,0.38,0.411003861003861
premium_generator,2025,60.0,0.4,0.4092664092664092
premium_generator,2025,60.0,0.42,0.40752895752895757
premium_generator,2025,60.0,0.44,0.4057915057915058
premium_generator,2025,60.0,0.46,0.40405405405405403
premium_generator,2025,60.0,0.48,0.4023166023166024
premium_generator,2025,60.0,0.5,0.4005791505791506
premium_generator,2025,60.0,0.52,0.39884169884169884
premium_generator,2025,60.0,0.54,0.3971042471042471
premium_generator,2025,60.0,0.56,0.3953667953667954
premium_generator,2025,60.0,0.58,0.39362934362934365
premium_generator,2025,60.0,0.6,0.3918918918918919
premium_generator,2025,60.0,0.62,0.3901544401544401
premium_generator,2025,60.0,0.64,0.38841698841698846
premium_generator,2025,60.0,0.66,0.3866795366795367
premium_generator,2025,60.0,0.68,0.38494208494208493
premium_generator,2025,60.0,0.7,0.38320463320463327
premium_generator,2025,60.0,0.72,0.3814671814671815
premium_generator,2025,60.0,0.74,0.37972972972972974
premium_generator,2025,60.0,0.76,0.37799227799227797
premium_generator,2025,60.0,0.78,0.3762548262548263
premium_generator,2025,60.0,0.8,0.37451737451737455
premium_generator,2025,60.0,0.82,0.3727799227799228
premium_generator,2025,60.0,0.84,0.3710424710424711
premium_generator,2025,60.0,0.86,0.36930501930501936
premium_generator,2025,60.0,0.88,0.3675675675675676
premium_generator,2025,60.0,0.9,0.3658301158301158
premium_generator,2025,60.0,0.92,0.36409266409266405
premium_generator,2025,60.0,0.94,0.3623552123552124
premium_generator,2025,60.0,0.96,0.36061776061776063
premium_generator,2025,60.0,0.98,0.35888030888030886
premium_generator,2025,60.0,1.0,0.3571428571428572
premium_generator,2025,60.0,1.1,0.3484555984555985
premium_generator,2025,60.0,1.2,0.33976833976833976
premium_generator,2025,60.0,1.3,0.33108108108108114
premium_generator,2025,60.0,1.4,0.3223938223938224
premium_generator,2025,60.0,1.5,0.3137065637065638
premium_generator,2025,60.0,1.6,0.3050193050193051
premium_generator,2025,60.0,1.7,0.29633204633204635
premium_generator,2025,60.0,1.8,0.2876447876447876
premium_generator,2025,60.0,1.9,0.278957528957529
premium_generator,2025,60.0,2.0,0.2702702702702703
premium_generator,2025,60.0,2.1,0.26158301158301167
premium_generator,2025,60.0,2.2,0.25289575289575295
premium_generator,2025,60.0,2.3,0.24420849420849422
premium_generator,2025,60.0,2.4,0.2355212355212356
premium_generator,2025,60.0,2.5,0.22683397683397688
premium_generator,2025,60.0,2.6,0.21814671814671815
premium_generator,2025,60.0,2.7,0.20945945945945954
premium_generator,2025,60.0,2.8,0.20077220077220082
premium_generator,2025,60.0,2.9,0.1920849420849421
premium_generator,2025,60.0,3.0,0.18339768339768348
premium_generator,2025,60.0,3.1,0.17471042471042475
premium_generator,2025,60.0,3.2,0.16602316602316614
premium_generator,2025,60.0,3.3,0.1573359073359073
premium_generator,2025,60.0,3.4,0.14864864864864857
premium_generator,2025,60.0,3.5,0.13996138996138985
premium_generator,2025,60.0,3.6,0.13127413127413123
premium_generator,2025,60.0,3.7,0.12258687258687262
premium_generator,2025,60.0,3.8,0.1138996138996139
premium_generator,2025,60.0,3.9,0.10521235521235517
premium_generator,2025,60.0,4.0,0.09652509652509644
premium_generator,2025,60.0,4.1,0.08783783783783783
premium_generator,2025,60.0,4.2,0.0791505791505791
premium_generator,2025,60.0,4.3,0.07046332046332049
premium_generator,2025,60.0,4.4,0.061776061776061764
premium_generator,2025,60.0,4.5,0.05308880308880304
premium_generator,2025,60.0,4.6,0.044401544401544424
premium_generator,2025,60.0,4.7,0.0357142857142857
premium_generator,2025,60.0,4.8,0.027027027027027084
premium_generator,2025,60.0,4.9,0.01833976833976836
premium_generator,2025,60.0,5.0,0.009652509652509633
premium_generator,2025,60.0,5.1,0.0009652509652510188
premium_generator,2025,60.0,5.2,-0.007722007722007929
premium_generator,2025,60.0,5.3,-0.01640926640926632
premium_generator,2025,60.0,5.4,-0.025096525096525157
premium_generator,2025,60.0,5.5,-0.03378378378378377
premium_generator,2025,60.0,5.6,-0.04247104247104261
premium_generator,2025,60.0,5.7,-0.05115830115830122
premium_generator,2025,60.0,5.8,-0.05984555984556006
premium_generator,2025,60.0,5.9,-0.06853281853281867
premium_generator,2025,60.0,6.0,-0.07722007722007729
premium_generator,2025,60.0,6.1,-0.0859073359073359
premium_generator,2025,60.0,6.2,-0.09459459459459474
premium_generator,2025,60.0,6.3,-0.10328185328185313
premium_generator,2025,60.0,6.4,-0.11196911196911197
premium_generator,2025,60.0,6.5,-0.12065637065637058
premium_generator,2025,60.0,6.6,-0.12934362934362942
premium_generator,2025,60.0,6.7,-0.13803088803088803
premium_generator,2025,60.0,6.8,-0.14671814671814687
premium_generator,2025,60.0,6.9,-0.15540540540540548
premium_generator,2025,60.0,7.0,-0.16409266409266432
premium_generator,2025,60.0,7.1,-0.1727799227799227
premium_generator,2025,60.0,7.2,-0.18146718146718155
premium_generator,2025,60.0,7.3,-0.19015444015443994
premium_generator,2025,60.0,7.4,-0.19884169884169878
premium_generator,2025,60.0,7.5,-0.2075289575289574
premium_generator,2025,60.0,7.6,-0.21621621621621623
premium_generator,2025,60.0,7.7,-0.22490347490347484
premium_generator,2025,60.0,7.8,-0.23359073359073368
premium_generator,2025,60.0,7.9,-0.2422779922779923
premium_generator,2025,60.0,8.0,-0.25096525096525113
premium_generator,2025,90.0,0.02,-0.752821259555879
premium_generator,2025,90.0,0.04,0.12085911903895175
premium_generator,2025,90.0,0.06,0.4120859119038952
premium_generator,2025,90.0,0.08,0.43706563706563706
premium_generator,2025,90.0,0.1,0.4353281853281853
premium_generator,2025,90.0,0.12,0.43359073359073363
premium_generator,2025,90.0,0.14,0.43185328185328187
premium_generator,2025,90.0,0.16,0.4301158301158301
premium_generator,2025,90.0,0.18,0.42837837837837833
premium_generator,2025,90.0,0.2,0.4266409266409267
premium_generator,2025,90.0,0.22,0.4249034749034749
premium_generator,2025,90.0,0.24,0.42316602316602314
premium_generator,2025,90.0,0.26,0.4214285714285715
premium_generator,2025,90.0,0.28,0.4196911196911197
premium_generator,2025,90.0,0.3,0.41795366795366795
premium_generator,2025,90.0,0.32,0.4162162162162162
premium_generator,2025,90.0,0.34,0.4144787644787645
premium_generator,2025,90.0,0.36,0.41274131274131276
premium_generator,2025,90.0,0.38,0.411003861003861
premium_generator,2025,90.0,0.4,0.4092664092664092
premium_generator,2025,90.0,0.42,0.40752895752895757
premium_generator,2025,90.0,0.44,0.4057915057915058
premium_generator,2025,90.0,0.46,0.40405405405405403
premium_generator,2025,90.0,0.48,0.4023166023166024
premium_generator,2025,90.0,0.5,0.4005791505791506
premium_generator,2025,90.0,0.52,0.39884169884169884
premium_generator,2025,90.0,0.54,0.3971042471042471
premium_generator,2025,90.0,0.56,0.3953667953667954
premium_generator,2025,90.0,0.58,0.39362934362934365
premium_generator,2025,90.0,0.6,0.3918918918918919
premium_generator,2025,90.0,0.62,0.3901544401544401
premium_generator,2025,90.0,0.64,0.38841698841698846
premium_generator,2025,90.0,0.66,0.3866795366795367
premium_generator,2025,90.0,0.68,0.38494208494208493
premium_generator,2025,90.0,0.7,0.38320463320463327
premium_generator,2025,90.0,0.72,0.3814671814671815
premium_generator,2025,90.0,0.74,0.37972972972972974
premium_generator,2025,90.0,0.76,0.37799227799227797
premium_generator,2025,90.0,0.78,0.3762548262548263
premium_generator,2025,90.0,0.8,0.37451737451737455
premium_generator,2025,90.0,0.82,0.3727799227799228
premium_generator,2025,90.0,0.84,0.3710424710424711
premium_generator,2025,90.0,0.86,0.36930501930501936
premium_generator,2025,90.0,0.88,0.3675675675675676
premium_generator,2025,90.0,0.9,0.3658301158301158
premium_generator,2025,90.0,0.92,0.36409266409266405
premium_generator,2025,90.0,0.94,0.3623552123552124
premium_generator,2025,90.0,0.96,0.36061776061776063
premium_generator,2025,90.0,0.98,0.35888030888030886
premium_generator,2025,90.0,1.0,0.3571428571428572
premium_generator,2025,90.0,1.1,0.3484555984555985
premium_generator,2025,90.0,1.2,0.33976833976833976
premium_generator,2025,90.0,1.3,0.33108108108108114
premium_generator,2025,90.0,1.4,0.3223938223938224
premium_generator,2025,90.0,1.5,0.3137065637065638
premium_generator,2025,90.0,1.6,0.3050193050193051
premium_generator,2025,90.0,1.7,0.29633204633204635
premium_generator,2025,90.0,1.8,0.2876447876447876
premium_generator,2025,90.0,1.9,0.278957528957529
premium_generator,2025,90.0,2.0,0.2702702702702703
premium_generator,2025,90.0,2.1,0.26158301158301167
premium_generator,2025,90.0,2.2,0.25289575289575295
premium_generator,2025,90.0,2.3,0.24420849420849422
premium_generator,2025,90.0,2.4,0.2355212355212356
premium_generator,2025,90.0,2.5,0.22683397683397688
premium_generator,2025,90.0,2.6,0.21814671814671815
premium_generator,2025,90.0,2.7,0.20945945945945954
premium_generator,2025,90.0,2.8,0.20077220077220082
premium_generator,2025,90.0,2.9,0.1920849420849421
premium_generator,2025,90.0,3.0,0.18339768339768348
premium_generator,2025,90.0,3.1,0.17471042471042475
premium_generator,2025,90.0,3.2,0.16602316602316614
premium_generator,2025,90.0,3.3,0.1573359073359073
premium_generator,2025,90.0,3.4,0.14864864864864857
premium_generator,2025,90.0,3.5,0.13996138996138985
premium_generator,2025,90.0,3.6,0.13127413127413123
premium_generator,2025,90.0,3.7,0.12258687258687262
premium_generator,2025,90.0,3.8,0.1138996138996139
premium_generator,2025,90.0,3.9,0.10521235521235517
premium_generator,2025,90.0,4.0,0.09652509652509644
premium_generator,2025,90.0,4.1,0.08783783783783783
premium_generator,2025,90.0,4.2,0.0791505791505791
premium_generator,2025,90.0,4.3,0.07046332046332049
premium_generator,2025,90.0,4.4,0.061776061776061764
premium_generator,2025,90.0,4.5,0.05308880308880304
premium_generator,2025,90.0,4.6,0.044401544401544424
premium_generator,2025,90.0,4.7,0.0357142857142857
premium_generator,2025,90.0,4.8,0.027027027027027084
premium_generator,2025,90.0,4.9,0.01833976833976836
premium_generator,2025,90.0,5.0,0.009652509652509633
premium_generator,2025,90.0,5.1,0.0009652509652510188
premium_generator,2025,90.0,5.2,-0.007722007722007929
premium_generator,2025,90.0,5.3,-0.01640926640926632
premium_generator,2025,90.0,5.4,-0.025096525096525157
premium_generator,2025,90.0,5.5,-0.03378378378378377
premium_generator,2025,90.0,5.6,-0.04247104247104261
premium_generator,2025,90.0,5.7,-0.05115830115830122
premium_generator,2025,90.0,5.8,-0.05984555984556006
premium_generator,2025,90.0,5.9,-0.06853281853281867
premium_generator,2025,90.0,6.0,-0.07722007722007729
premium_generator,2025,90.0,6.1,-0.0859073359073359
premium_generator,2025,90.0,6.2,-0.09459459459459474
premium_generator,2025,90.0,6.3,-0.10328185328185313
premium_generator,2025,90.0,6.4,-0.11196911196911197
premium_generator,2025,90.0,6.5,-0.12065637065637058
premium_generator,2025,90.0,6.6,-0.12934362934362942
premium_generator,2025,90.0,6.7,-0.13803088803088803
premium_generator,2025,90.0,6.8,-0.14671814671814687
premium_generator,2025,90.0,6.9,-0.15540540540540548
premium_generator,2025,90.0,7.0,-0.16409266409266432
premium_generator,2025,90.0,7.1,-0.1727799227799227
premium_generator,2025,90.0,7.2,-0.18146718146718155
premium_generator,2025,90.0,7.3,-0.19015444015443994
premium_generator,2025,90.0,7.4,-0.19884169884169878
premium_generator,2025,90.0,7.5,-0.2075289575289574
premium_generator,2025,90.0,7.6,-0.21621621621621623
premium_generator,2025,90.0,7.7,-0.22490347490347484
premium_generator,2025,90.0,7.8,-0.23359073359073368
premium_generator,2025,90.0,7.9,-0.2422779922779923
premium_generator,2025,90.0,8.0,-0.25096525096525113
flexible_load,2025,0.0,0.02,-0.3897103751680313
flexible_load,2025,0.0,0.04,0.30074544787975077
flexible_load,2025,0.0,0.06,0.5308973888956781
flexible_load,2025,0.0,0.08,0.5976388888888888
flexible_load,2025,0.0,0.1,0.5951388888888889
flexible_load,2025,0.0,0.12,0.5926388888888889
flexible_load,2025,0.0,0.14,0.5901388888888888
flexible_load,2025,0.0,0.16,0.5876388888888888
flexible_load,2025,0.0,0.18,0.5851388888888889
flexible_load,2025,0.0,0.2,0.5826388888888889
flexible_load,2025,0.0,0.22,0.5801388888888889
flexible_load,2025,0.0,0.24,0.5776388888888888
flexible_load,2025,0.0,0.26,0.5751388888888889
flexible_load,2025,0.0,0.28,0.5726388888888889
flexible_load,2025,0.0,0.3,0.5701388888888889
flexible_load,2025,0.0,0.32,0.5676388888888888
flexible_load,2025,0.0,0.34,0.5651388888888889
flexible_load,2025,0.0,0.36,0.5626388888888889
flexible_load,2025,0.0,0.38,0.5601388888888889
flexible_load,2025,0.0,0.4,0.5576388888888888
flexible_load,2025,0.0,0.42,0.5551388888888888
flexible_load,2025,0.0,0.44,0.5526388888888889
flexible_load,2025,0.0,0.46,0.5501388888888888
flexible_load,2025,0.0,0.48,0.5476388888888888
flexible_load,2025,0.0,0.5,0.5451388888888888
flexible_load,2025,0.0,0.52,0.5426388888888889
flexible_load,2025,0.0,0.54,0.540138888888889
flexible_load,2025,0.0,0.56,0.5376388888888888
flexible_load,2025,0.0,0.58,0.5351388888888888
flexible_load,2025,0.0,0.6,0.5326388888888889
flexible_load,2025,0.0,0.62,0.5301388888888889
flexible_load,2025,0.0,0.64,0.5276388888888888
flexible_load,2025,0.0,0.66,0.5251388888888888
flexible_load,2025,0.0,0.68,0.5226388888888889
flexible_load,2025,0.0,0.7,0.5201388888888889
flexible_load,2025,0.0,0.72,0.5176388888888889
flexible_load,2025,0.0,0.74,0.5151388888888888
flexible_load,2025,0.0,0.76,0.5126388888888889
flexible_load,2025,0.0,0.78,0.5101388888888889
flexible_load,2025,0.0,0.8,0.5076388888888889
flexible_load,2025,0.0,0.82,0.5051388888888888
flexible_load,2025,0.0,0.84,0.5026388888888889
flexible_load,2025,0.0,0.86,0.5001388888888889
flexible_load,2025,0.0,0.88,0.49763888888888885
flexible_load,2025,0.0,0.9,0.4951388888888888
flexible_load,2025,0.0,0.92,0.49263888888888885
flexible_load,2025,0.0,0.94,0.4901388888888889
flexible_load,2025,0.0,0.96,0.48763888888888884
flexible_load,2025,0.0,0.98,0.4851388888888888
flexible_load,2025,0.0,1.0,0.48263888888888895
flexible_load,2025,0.0,1.1,0.4701388888888889
flexible_load,2025,0.0,1.2,0.45763888888888893
flexible_load,2025,0.0,1.3,0.44513888888888886
flexible_load,2025,0.0,1.4,0.4326388888888888
flexible_load,2025,0.0,1.5,0.42013888888888884
flexible_load,2025,0.0,1.6,0.4076388888888888
flexible_load,2025,0.0,1.7,0.39513888888888893
flexible_load,2025,0.0,1.8,0.38263888888888886
flexible_load,2025,0.0,1.9,0.3701388888888889
flexible_load,2025,0.0,2.0,0.35763888888888895
flexible_load,2025,0.0,2.1,0.3451388888888889
flexible_load,2025,0.0,2.2,0.33263888888888893
flexible_load,2025,0.0,2.3,0.32013888888888886
flexible_load,2025,0.0,2.4,0.3076388888888888
flexible_load,2025,0.0,2.5,0.29513888888888884
flexible_load,2025,0.0,2.6,0.2826388888888888
flexible_load,2025,0.0,2.7,0.2701388888888888
flexible_load,2025,0.0,2.8,0.257638888888889
flexible_load,2025,0.0,2.9,0.2451388888888889
flexible_load,2025,0.0,3.0,0.23263888888888895
flexible_load,2025,0.0,3.1,0.22013888888888888
flexible_load,2025,0.0,3.2,0.20763888888888893
flexible_load,2025,0.0,3.3,0.19513888888888886
flexible_load,2025,0.0,3.4,0.1826388888888888
flexible_load,2025,0.0,3.5,0.17013888888888884
flexible_load,2025,0.0,3.6,0.15763888888888877
flexible_load,2025,0.0,3.7,0.14513888888888882
flexible_load,2025,0.0,3.8,0.13263888888888897
flexible_load,2025,0.0,3.9,0.1201388888888889
flexible_load,2025,0.0,4.0,0.10763888888888895
flexible_load,2025,0.0,4.1,0.09513888888888888
flexible_load,2025,0.0,4.2,0.08263888888888893
flexible_load,2025,0.0,4.3,0.07013888888888886
flexible_load,2025,0.0,4.4,0.057638888888888795
flexible_load,2025,0.0,4.5,0.04513888888888884
flexible_load,2025,0.0,4.6,0.032638888888888995
flexible_load,2025,0.0,4.7,0.020138888888888817
flexible_load,2025,0.0,4.8,0.007638888888888973
flexible_load,2025,0.0,4.9,-0.004861111111111205
flexible_load,2025,0.0,5.0,-0.01736111111111116
flexible_load,2025,0.0,5.1,-0.029861111111111116
flexible_load,2025,0.0,5.2,-0.04236111111111107
flexible_load,2025,0.0,5.3,-0.05486111111111125
flexible_load,2025,0.0,5.4,-0.0673611111111112
flexible_load,2025,0.0,5.5,-0.07986111111111116
flexible_load,2025,0.0,5.6,-0.0923611111111109
flexible_load,2025,0.0,5.7,-0.1048611111111113
flexible_load,2025,0.0,5.8,-0.11736111111111103
flexible_load,2025,0.0,5.9,-0.1298611111111112
flexible_load,2025,0.0,6.0,-0.14236111111111116
flexible_load,2025,0.0,6.1,-0.15486111111111112
flexible_load,2025,0.0,6.2,-0.16736111111111107
flexible_load,2025,0.0,6.3,-0.17986111111111125
flexible_load,2025,0.0,6.4,-0.1923611111111112
flexible_load,2025,0.0,6.5,-0.20486111111111116
flexible_load,2025,0.0,6.6,-0.2173611111111109
flexible_load,2025,0.0,6.7,-0.2298611111111113
flexible_load,2025,0.0,6.8,-0.24236111111111103
flexible_load,2025,0.0,6.9,-0.2548611111111112
flexible_load,2025,0.0,7.0,-0.26736111111111116
flexible_load,2025,0.0,7.1,-0.2798611111111111
flexible_load,2025,0.0,7.2,-0.29236111111111107
flexible_load,2025,0.0,7.3,-0.30486111111111125
flexible_load,2025,0.0,7.4,-0.3173611111111112
flexible_load,2025,0.0,7.5,-0.32986111111111116
flexible_load,2025,0.0,7.6,-0.3423611111111109
flexible_load,2025,0.0,7.7,-0.35486111111111107
flexible_load,2025,0.0,7.8,-0.367361111111111
flexible_load,2025,0.0,7.9,-0.379861111111111
flexible_load,2025,0.0,8.0,-0.39236111111111116
flexible_load,2025,5.0,0.02,-0.7642673836001466
flexible_load,2025,5.0,0.04,0.11560552364658461
flexible_load,2025,5.0,0.06,0.4088964927288281
flexible_load,2025,5.0,0.08,0.4948611111111111
flexible_load,2025,5.0,0.1,0.4935763888888889
flexible_load,2025,5.0,0.12,0.4922916666666667
flexible_load,2025,5.0,0.14,0.4910069444444445
flexible_load,2025,5.0,0.16,0.4897222222222223
flexible_load,2025,5.0,0.18,0.48843749999999997
flexible_load,2025,5.0,0.2,0.48715277777777777
flexible_load,2025,5.0,0.22,0.48586805555555557
flexible_load,2025,5.0,0.24,0.48458333333333325
flexible_load,2025,5.0,0.26,0.48329861111111116
flexible_load,2025,5.0,0.28,0.48201388888888885
flexible_load,2025,5.0,0.3,0.48072916666666665
flexible_load,2025,5.0,0.32,0.47944444444444445
flexible_load,2025,5.0,0.34,0.47815972222222225
flexible_load,2025,5.0,0.36,0.47687499999999994
flexible_load,2025,5.0,0.38,0.47559027777777785
flexible_load,2025,5.0,0.4,0.47430555555555554
flexible_load,2025,5.0,0.42,0.47302083333333333
flexible_load,2025,5.0,0.44,0.47173611111111113
flexible_load,2025,5.0,0.46,0.4704513888888888
flexible_load,2025,5.0,0.48,0.46916666666666673
flexible_load,2025,5.0,0.5,0.4678819444444444
flexible_load,2025,5.0,0.52,0.4665972222222222
flexible_load,2025,5.0,0.54,0.4653125
flexible_load,2025,5.0,0.56,0.4640277777777778
flexible_load,2025,5.0,0.58,0.4627430555555555
flexible_load,2025,5.0,0.6,0.4614583333333333
flexible_load,2025,5.0,0.62,0.4601736111111111
flexible_load,2025,5.0,0.64,0.4588888888888889
flexible_load,2025,5.0,0.66,0.4576041666666667
flexible_load,2025,5.0,0.68,0.4563194444444444
flexible_load,2025,5.0,0.7,0.4550347222222223
flexible_load,2025,5.0,0.72,0.45375
flexible_load,2025,5.0,0.74,0.4524652777777778
flexible_load,2025,5.0,0.76,0.4511805555555556
flexible_load,2025,5.0,0.78,0.4498958333333334
flexible_load,2025,5.0,0.8,0.44861111111111107
flexible_load,2025,5.0,0.82,0.44732638888888887
flexible_load,2025,5.0,0.84,0.44604166666666667
flexible_load,2025,5.0,0.86,0.44475694444444436
flexible_load,2025,5.0,0.88,0.44347222222222227
flexible_load,2025,5.0,0.9,0.44218749999999996
flexible_load,2025,5.0,0.92,0.44090277777777787
flexible_load,2025,5.0,0.94,0.43961805555555555
flexible_load,2025,5.0,0.96,0.43833333333333335
flexible_load,2025,5.0,0.98,0.43704861111111115
flexible_load,2025,5.0,1.0,0.43576388888888884
flexible_load,2025,5.0,1.1,0.42934027777777783
flexible_load,2025,5.0,1.2,0.4229166666666667
flexible_load,2025,5.0,1.3,0.4164930555555555
flexible_load,2025,5.0,1.4,0.4100694444444444
flexible_load,2025,5.0,1.5,0.40364583333333337
flexible_load,2025,5.0,1.6,0.39722222222222225
flexible_load,2025,5.0,1.7,0.39079861111111114
flexible_load,2025,5.0,1.8,0.3843749999999999
flexible_load,2025,5.0,1.9,0.3779513888888889
flexible_load,2025,5.0,2.0,0.3715277777777778
flexible_load,2025,5.0,2.1,0.3651041666666667
flexible_load,2025,5.0,2.2,0.35868055555555556
flexible_load,2025,5.0,2.3,0.35225694444444444
flexible_load,2025,5.0,2.4,0.3458333333333333
flexible_load,2025,5.0,2.5,0.3394097222222222
flexible_load,2025,5.0,2.6,0.3329861111111111
flexible_load,2025,5.0,2.7,0.3265625000000001
flexible_load,2025,5.0,2.8,0.32013888888888886
flexible_load,2025,5.0,2.9,0.31371527777777775
flexible_load,2025,5.0,3.0,0.30729166666666663
flexible_load,2025,5.0,3.1,0.3008680555555556
flexible_load,2025,5.0,3.2,0.2944444444444445
flexible_load,2025,5.0,3.3,0.2880208333333333
flexible_load,2025,5.0,3.4,0.28159722222222217
flexible_load,2025,5.0,3.5,0.27517361111111116
flexible_load,2025,5.0,3.6,0.26875000000000004
flexible_load,2025,5.0,3.7,0.26232638888888893
flexible_load,2025,5.0,3.8,0.2559027777777777
flexible_load,2025,5.0,3.9,0.2494791666666668
flexible_load,2025,5.0,4.0,0.24305555555555558
flexible_load,2025,5.0,4.1,0.23663194444444446
flexible_load,2025,5.0,4.2,0.23020833333333335
flexible_load,2025,5.0,4.3,0.22378472222222223
flexible_load,2025,5.0,4.4,0.21736111111111112
flexible_load,2025,5.0,4.5,0.2109375
flexible_load,2025,5.0,4.6,0.20451388888888888
flexible_load,2025,5.0,4.7,0.19809027777777788
flexible_load,2025,5.0,4.8,0.19166666666666665
flexible_load,2025,5.0,4.9,0.18524305555555554
flexible_load,2025,5.0,5.0,0.17881944444444442
flexible_load,2025,5.0,5.1,0.17239583333333341
flexible_load,2025,5.0,5.2,0.1659722222222223
flexible_load,2025,5.0,5.3,0.15954861111111107
flexible_load,2025,5.0,5.4,0.15312499999999996
flexible_load,2025,5.0,5.5,0.14670138888888895
flexible_load,2025,5.0,5.6,0.14027777777777783
flexible_load,2025,5.0,5.7,0.13385416666666672
flexible_load,2025,5.0,5.8,0.1274305555555555
flexible_load,2025,5.0,5.9,0.12100694444444449
flexible_load,2025,5.0,6.0,0.11458333333333337
flexible_load,2025,5.0,6.1,0.10815972222222225
flexible_load,2025,5.0,6.2,0.10173611111111114
flexible_load,2025,5.0,6.3,0.09531250000000002
flexible_load,2025,5.0,6.4,0.0888888888888889
flexible_load,2025,5.0,6.5,0.08246527777777779
flexible_load,2025,5.0,6.6,0.07604166666666667
flexible_load,2025,5.0,6.7,0.06961805555555567
flexible_load,2025,5.0,6.8,0.06319444444444444
flexible_load,2025,5.0,6.9,0.056770833333333326
flexible_load,2025,5.0,7.0,0.05034722222222221
flexible_load,2025,5.0,7.1,0.043923611111111205
flexible_load,2025,5.0,7.2,0.03750000000000009
flexible_load,2025,5.0,7.3,0.031076388888888862
flexible_load,2025,5.0,7.4,0.024652777777777857
flexible_load,2025,5.0,7.5,0.01822916666666674
flexible_load,2025,5.0,7.6,0.011805555555555514
flexible_load,2025,5.0,7.7,0.005381944444444509
flexible_load,2025,5.0,7.8,-0.0010416666666663854
flexible_load,2025,5.0,7.9,-0.0074652777777779455
flexible_load,2025,5.0,8.0,-0.01388888888888884
flexible_load,2025,15.0,0.02,-0.7642673836001466
flexible_load,2025,15.0,0.04,0.11560552364658461
flexible_load,2025,15.0,0.06,0.4088964927288281
flexible_load,2025,15.0,0.08,0.4948611111111111
flexible_load,2025,15.0,0.1,0.4935763888888889
flexible_load,2025,15.0,0.12,0.4922916666666667
flexible_load,2025,15.0,0.14,0.4910069444444445
flexible_load,2025,15.0,0.16,0.4897222222222223
flexible_load,2025,15.0,0.18,0.48843749999999997
flexible_load,2025,15.0,0.2,0.48715277777777777
flexible_load,2025,15.0,0.22,0.48586805555555557
flexible_load,2025,15.0,0.24,0.48458333333333325
flexible_load,2025,15.0,0.26,0.48329861111111116
flexible_load,2025,15.0,0.28,0.48201388888888885
flexible_load,2025,15.0,0.3,0.48072916666666665
flexible_load,2025,15.0,0.32,0.47944444444444445
flexible_load,2025,15.0,0.34,0.47815972222222225
flexible_load,2025,15.0,0.36,0.47687499999999994
flexible_load,2025,15.0,0.38,0.47559027777777785
flexible_load,2025,15.0,0.4,0.47430555555555554
flexible_load,2025,15.0,0.42,0.47302083333333333
flexible_load,2025,15.0,0.44,0.47173611111111113
flexible_load,2025,15.0,0.46,0.4704513888888888
flexible_load,2025,15.0,0.48,0.46916666666666673
flexible_load,2025,15.0,0.5,0.4678819444444444
flexible_load,2025,15.0,0.52,0.4665972222222222
flexible_load,2025,15.0,0.54,0.4653125
flexible_load,2025,15.0,0.56,0.4640277777777778
flexible_load,2025,15.0,0.58,0.4627430555555555
flexible_load,2025,15.0,0.6,0.4614583333333333
flexible_load,2025,15.0,0.62,0.4601736111111111
flexible_load,2025,15.0,0.64,0.4588888888888889
flexible_load,2025,15.0,0.66,0.4576041666666667
flexible_load,2025,15.0,0.68,0.4563194444444444
flexible_load,2025,15.0,0.7,0.4550347222222223
flexible_load,2025,15.0,0.72,0.45375
flexible_load,2025,15.0,0.74,0.4524652777777778
flexible_load,2025,15.0,0.76,0.4511805555555556
flexible_load,2025,15.0,0.78,0.4498958333333334
flexible_load,2025,15.0,0.8,0.44861111111111107
flexible_load,2025,15.0,0.82,0.44732638888888887
flexible_load,2025,15.0,0.84,0.44604166666666667
flexible_load,2025,15.0,0.86,0.44475694444444436
flexible_load,2025,15.0,0.88,0.44347222222222227
flexible_load,2025,15.0,0.9,0.44218749999999996
flexible_load,2025,15.0,0.92,0.44090277777777787
flexible_load,2025,15.0,0.94,0.43961805555555555
flexible_load,2025,15.0,0.96,0.43833333333333335
flexible_load,2025,15.0,0.98,0.43704861111111115
flexible_load,2025,15.0,1.0,0.43576388888888884
flexible_load,2025,15.0,1.1,0.42934027777777783
flexible_load,2025,15.0,1.2,0.4229166666666667
flexible_load,2025,15.0,1.3,0.4164930555555555
flexible_load,2025,15.0,1.4,0.4100694444444444
flexible_load,2025,15.0,1.5,0.40364583333333337
flexible_load,2025,15.0,1.6,0.39722222222222225
flexible_load,2025,15.0,1.7,0.39079861111111114
flexible_load,2025,15.0,1.8,0.3843749999999999
flexible_load,2025,15.0,1.9,0.3779513888888889
flexible_load,2025,15.0,2.0,0.3715277777777778
flexible_load,2025,15.0,2.1,0.3651041666666667
flexible_load,2025,15.0,2.2,0.35868055555555556
flexible_load,2025,15.0,2.3,0.35225694444444444
flexible_load,2025,15.0,2.4,0.3458333333333333
flexible_load,2025,15.0,2.5,0.3394097222222222
flexible_load,2025,15.0,2.6,0.3329861111111111
flexible_load,2025,15.0,2.7,0.3265625000000001
flexible_load,2025,15.0,2.8,0.32013888888888886
flexible_load,2025,15.0,2.9,0.31371527777777775
flexible_load,2025,15.0,3.0,0.30729166666666663
flexible_load,2025,15.0,3.1,0.3008680555555556
flexible_load,2025,15.0,3.2,0.2944444444444445
flexible_load,2025,15.0,3.3,0.2880208333333333
flexible_load,2025,15.0,3.4,0.28159722222222217
flexible_load,2025,15.0,3.5,0.27517361111111116
flexible_load,2025,15.0,3.6,0.26875000000000004
flexible_load,2025,15.0,3.7,0.26232638888888893
flexible_load,2025,15.0,3.8,0.2559027777777777
flexible_load,2025,15.0,3.9,0.2494791666666668
flexible_load,2025,15.0,4.0,0.24305555555555558
flexible_load,2025,15.0,4.1,0.23663194444444446
flexible_load,2025,15.0,4.2,0.23020833333333335
flexible_load,2025,15.0,4.3,0.22378472222222223
flexible_load,2025,15.0,4.4,0.21736111111111112
flexible_load,2025,15.0,4.5,0.2109375
flexible_load,2025,15.0,4.6,0.20451388888888888
flexible_load,2025,15.0,4.7,0.19809027777777788
flexible_load,2025,15.0,4.8,0.19166666666666665
flexible_load,2025,15.0,4.9,0.18524305555555554
flexible_load,2025,15.0,5.0,0.17881944444444442
flexible_load,2025,15.0,5.1,0.17239583333333341
flexible_load,2025,15.0,5.2,0.1659722222222223
flexible_load,2025,15.0,5.3,0.15954861111111107
flexible_load,2025,15.0,5.4,0.15312499999999996
flexible_load,2025,15.0,5.5,0.14670138888888895
flexible_load,2025,15.0,5.6,0.14027777777777783
flexible_load,2025,15.0,5.7,0.13385416666666672
flexible_load,2025,15.0,5.8,0.1274305555555555
flexible_load,2025,15.0,5.9,0.12100694444444449
flexible_load,2025,15.0,6.0,0.11458333333333337
flexible_load,2025,15.0,6.1,0.10815972222222225
flexible_load,2025,15.0,6.2,0.10173611111111114
flexible_load,2025,15.0,6.3,0.09531250000000002
flexible_load,2025,15.0,6.4,0.0888888888888889
flexible_load,2025,15.0,6.5,0.08246527777777779
flexible_load,2025,15.0,6.6,0.07604166666666667
flexible_load,2025,15.0,6.7,0.06961805555555567
flexible_load,2025,15.0,6.8,0.06319444444444444
flexible_load,2025,15.0,6.9,0.056770833333333326
flexible_load,2025,15.0,7.0,0.05034722222222221
flexible_load,2025,15.0,7.1,0.043923611111111205
flexible_load,2025,15.0,7.2,0.03750000000000009
flexible_load,2025,15.0,7.3,0.031076388888888862
flexible_load,2025,15.0,7.4,0.024652777777777857
flexible_load,2025,15.0,7.5,0.01822916666666674
flexible_load,2025,15.0,7.6,0.011805555555555514
flexible_load,2025,15.0,7.7,0.005381944444444509
flexible_load,2025,15.0,7.8,-0.0010416666666663854
flexible_load,2025,15.0,7.9,-0.0074652777777779455
flexible_load,2025,15.0,8.0,-0.01388888888888884
